scope,comparison,cell,reference,class_id,support,recall_cell,recall_reference,recall_delta,top1_cell,top1_reference,top1_delta,macro_f1_cell,macro_f1_reference,macro_f1_delta,alignment,status
aggregate,video_vs_state_ctrl,D-P-F,STATE-CTRL,,,,,,0.9481361426256077,0.6337115072933549,0.31442463533225284,0.902113580863581,0.49080161407307993,0.411311966790501,episode_id_aligned,diagnostic_only
per_class,video_vs_state_ctrl,D-P-F,STATE-CTRL,0,6,1.0,0.8333333333333334,0.16666666666666663,,,,,,,episode_id_aligned,diagnostic_only
per_class,video_vs_state_ctrl,D-P-F,STATE-CTRL,1,6,1.0,0.16666666666666666,0.8333333333333334,,,,,,,episode_id_aligned,diagnostic_only
per_class,video_vs_state_ctrl,D-P-F,STATE-CTRL,2,6,1.0,0.6666666666666666,0.33333333333333337,,,,,,,episode_id_aligned,diagnostic_only
per_class,video_vs_state_ctrl,D-P-F,STATE-CTRL,3,6,1.0,0.6666666666666666,0.33333333333333337,,,,,,,episode_id_aligned,diagnostic_only
per_class,video_vs_state_ctrl,D-P-F,STATE-CTRL,4,5,1.0,1.0,0.0,,,,,,,episode_id_aligned,diagnostic_only
per_class,video_vs_state_ctrl,D-P-F,STATE-CTRL,5,6,1.0,0.16666666666666666,0.8333333333333334,,,,,,,episode_id_aligned,diagnostic_only
per_class,video_vs_state_ctrl,D-P-F,STATE-CTRL,6,6,1.0,0.6666666666666666,0.33333333333333337,,,,,,,episode_id_aligned,diagnostic_only
per_class,video_vs_state_ctrl,D-P-F,STATE-CTRL,7,6,1.0,0.5,0.5,,,,,,,episode_id_aligned,diagnostic_only
per_class,video_vs_state_ctrl,D-P-F,STATE-CTRL,8,6,1.0,0.3333333333333333,0.6666666666666667,,,,,,,episode_id_aligned,diagnostic_only
per_class,video_vs_state_ctrl,D-P-F,STATE-CTRL,9,6,1.0,0.8333333333333334,0.16666666666666663,,,,,,,episode_id_aligned,diagnostic_only
per_class,video_vs_state_ctrl,D-P-F,STATE-CTRL,10,6,1.0,0.5,0.5,,,,,,,episode_id_aligned,diagnostic_only
per_class,video_vs_state_ctrl,D-P-F,STATE-CTRL,11,7,1.0,0.7142857142857143,0.2857142857142857,,,,,,,episode_id_aligned,diagnostic_only
per_class,video_vs_state_ctrl,D-P-F,STATE-CTRL,12,6,1.0,1.0,0.0,,,,,,,episode_id_aligned,diagnostic_only
per_class,video_vs_state_ctrl,D-P-F,STATE-CTRL,13,6,1.0,0.5,0.5,,,,,,,episode_id_aligned,diagnostic_only
per_class,video_vs_state_ctrl,D-P-F,STATE-CTRL,14,6,1.0,1.0,0.0,,,,,,,episode_id_aligned,diagnostic_only
per_class,video_vs_state_ctrl,D-P-F,STATE-CTRL,15,7,1.0,0.7142857142857143,0.2857142857142857,,,,,,,episode_id_aligned,diagnostic_only
per_class,video_vs_state_ctrl,D-P-F,STATE-CTRL,16,7,1.0,0.8571428571428571,0.1428571428571429,,,,,,,episode_id_aligned,diagnostic_only
per_class,video_vs_state_ctrl,D-P-F,STATE-CTRL,17,6,1.0,0.3333333333333333,0.6666666666666667,,,,,,,episode_id_aligned,diagnostic_only
per_class,video_vs_state_ctrl,D-P-F,STATE-CTRL,18,6,1.0,0.6666666666666666,0.33333333333333337,,,,,,,episode_id_aligned,diagnostic_only
per_class,video_vs_state_ctrl,D-P-F,STATE-CTRL,19,6,1.0,0.8333333333333334,0.16666666666666663,,,,,,,episode_id_aligned,diagnostic_only
per_class,video_vs_state_ctrl,D-P-F,STATE-CTRL,20,6,1.0,0.5,0.5,,,,,,,episode_id_aligned,diagnostic_only
per_class,video_vs_state_ctrl,D-P-F,STATE-CTRL,21,6,1.0,0.6666666666666666,0.33333333333333337,,,,,,,episode_id_aligned,diagnostic_only
per_class,video_vs_state_ctrl,D-P-F,STATE-CTRL,22,6,1.0,0.5,0.5,,,,,,,episode_id_aligned,diagnostic_only
per_class,video_vs_state_ctrl,D-P-F,STATE-CTRL,23,6,1.0,1.0,0.0,,,,,,,episode_id_aligned,diagnostic_only
per_class,video_vs_state_ctrl,D-P-F,STATE-CTRL,24,6,1.0,0.0,1.0,,,,,,,episode_id_aligned,diagnostic_only
per_class,video_vs_state_ctrl,D-P-F,STATE-CTRL,25,6,1.0,0.8333333333333334,0.16666666666666663,,,,,,,episode_id_aligned,diagnostic_only
per_class,video_vs_state_ctrl,D-P-F,STATE-CTRL,26,6,1.0,1.0,0.0,,,,,,,episode_id_aligned,diagnostic_only
per_class,video_vs_state_ctrl,D-P-F,STATE-CTRL,27,6,1.0,1.0,0.0,,,,,,,episode_id_aligned,diagnostic_only
per_class,video_vs_state_ctrl,D-P-F,STATE-CTRL,28,11,1.0,1.0,0.0,,,,,,,episode_id_aligned,diagnostic_only
per_class,video_vs_state_ctrl,D-P-F,STATE-CTRL,29,12,1.0,1.0,0.0,,,,,,,episode_id_aligned,diagnostic_only
per_class,video_vs_state_ctrl,D-P-F,STATE-CTRL,30,6,1.0,0.6666666666666666,0.33333333333333337,,,,,,,episode_id_aligned,diagnostic_only
per_class,video_vs_state_ctrl,D-P-F,STATE-CTRL,31,6,1.0,0.8333333333333334,0.16666666666666663,,,,,,,episode_id_aligned,diagnostic_only
per_class,video_vs_state_ctrl,D-P-F,STATE-CTRL,32,6,1.0,0.5,0.5,,,,,,,episode_id_aligned,diagnostic_only
per_class,video_vs_state_ctrl,D-P-F,STATE-CTRL,33,6,1.0,0.3333333333333333,0.6666666666666667,,,,,,,episode_id_aligned,diagnostic_only
per_class,video_vs_state_ctrl,D-P-F,STATE-CTRL,34,6,1.0,0.8333333333333334,0.16666666666666663,,,,,,,episode_id_aligned,diagnostic_only
per_class,video_vs_state_ctrl,D-P-F,STATE-CTRL,35,6,1.0,0.6666666666666666,0.33333333333333337,,,,,,,episode_id_aligned,diagnostic_only
per_class,video_vs_state_ctrl,D-P-F,STATE-CTRL,36,6,1.0,0.5,0.5,,,,,,,episode_id_aligned,diagnostic_only
per_class,video_vs_state_ctrl,D-P-F,STATE-CTRL,37,6,1.0,1.0,0.0,,,,,,,episode_id_aligned,diagnostic_only
per_class,video_vs_state_ctrl,D-P-F,STATE-CTRL,38,6,1.0,1.0,0.0,,,,,,,episode_id_aligned,diagnostic_only
per_class,video_vs_state_ctrl,D-P-F,STATE-CTRL,39,12,1.0,0.9166666666666666,0.08333333333333337,,,,,,,episode_id_aligned,diagnostic_only
per_class,video_vs_state_ctrl,D-P-F,STATE-CTRL,40,6,1.0,0.8333333333333334,0.16666666666666663,,,,,,,episode_id_aligned,diagnostic_only
per_class,video_vs_state_ctrl,D-P-F,STATE-CTRL,41,6,1.0,0.8333333333333334,0.16666666666666663,,,,,,,episode_id_aligned,diagnostic_only
per_class,video_vs_state_ctrl,D-P-F,STATE-CTRL,42,6,1.0,0.5,0.5,,,,,,,episode_id_aligned,diagnostic_only
per_class,video_vs_state_ctrl,D-P-F,STATE-CTRL,43,6,1.0,0.16666666666666666,0.8333333333333334,,,,,,,episode_id_aligned,diagnostic_only
per_class,video_vs_state_ctrl,D-P-F,STATE-CTRL,44,7,1.0,0.0,1.0,,,,,,,episode_id_aligned,diagnostic_only
per_class,video_vs_state_ctrl,D-P-F,STATE-CTRL,45,6,1.0,0.6666666666666666,0.33333333333333337,,,,,,,episode_id_aligned,diagnostic_only
per_class,video_vs_state_ctrl,D-P-F,STATE-CTRL,46,6,1.0,1.0,0.0,,,,,,,episode_id_aligned,diagnostic_only
per_class,video_vs_state_ctrl,D-P-F,STATE-CTRL,47,6,1.0,1.0,0.0,,,,,,,episode_id_aligned,diagnostic_only
per_class,video_vs_state_ctrl,D-P-F,STATE-CTRL,48,6,1.0,1.0,0.0,,,,,,,episode_id_aligned,diagnostic_only
per_class,video_vs_state_ctrl,D-P-F,STATE-CTRL,49,6,1.0,0.5,0.5,,,,,,,episode_id_aligned,diagnostic_only
per_class,video_vs_state_ctrl,D-P-F,STATE-CTRL,50,5,1.0,1.0,0.0,,,,,,,episode_id_aligned,diagnostic_only
per_class,video_vs_state_ctrl,D-P-F,STATE-CTRL,51,6,1.0,0.8333333333333334,0.16666666666666663,,,,,,,episode_id_aligned,diagnostic_only
per_class,video_vs_state_ctrl,D-P-F,STATE-CTRL,52,6,1.0,1.0,0.0,,,,,,,episode_id_aligned,diagnostic_only
per_class,video_vs_state_ctrl,D-P-F,STATE-CTRL,53,6,1.0,0.6666666666666666,0.33333333333333337,,,,,,,episode_id_aligned,diagnostic_only
per_class,video_vs_state_ctrl,D-P-F,STATE-CTRL,54,6,1.0,0.8333333333333334,0.16666666666666663,,,,,,,episode_id_aligned,diagnostic_only
per_class,video_vs_state_ctrl,D-P-F,STATE-CTRL,55,6,1.0,0.8333333333333334,0.16666666666666663,,,,,,,episode_id_aligned,diagnostic_only
per_class,video_vs_state_ctrl,D-P-F,STATE-CTRL,56,6,1.0,0.8333333333333334,0.16666666666666663,,,,,,,episode_id_aligned,diagnostic_only
per_class,video_vs_state_ctrl,D-P-F,STATE-CTRL,57,6,1.0,0.3333333333333333,0.6666666666666667,,,,,,,episode_id_aligned,diagnostic_only
per_class,video_vs_state_ctrl,D-P-F,STATE-CTRL,58,6,1.0,0.6666666666666666,0.33333333333333337,,,,,,,episode_id_aligned,diagnostic_only
per_class,video_vs_state_ctrl,D-P-F,STATE-CTRL,59,6,1.0,0.8333333333333334,0.16666666666666663,,,,,,,episode_id_aligned,diagnostic_only
per_class,video_vs_state_ctrl,D-P-F,STATE-CTRL,60,6,1.0,0.5,0.5,,,,,,,episode_id_aligned,diagnostic_only
per_class,video_vs_state_ctrl,D-P-F,STATE-CTRL,61,1,1.0,0.0,1.0,,,,,,,episode_id_aligned,diagnostic_only
per_class,video_vs_state_ctrl,D-P-F,STATE-CTRL,62,1,1.0,0.0,1.0,,,,,,,episode_id_aligned,diagnostic_only
per_class,video_vs_state_ctrl,D-P-F,STATE-CTRL,63,1,0.0,0.0,0.0,,,,,,,episode_id_aligned,diagnostic_only
per_class,video_vs_state_ctrl,D-P-F,STATE-CTRL,64,1,1.0,0.0,1.0,,,,,,,episode_id_aligned,diagnostic_only
per_class,video_vs_state_ctrl,D-P-F,STATE-CTRL,65,1,1.0,0.0,1.0,,,,,,,episode_id_aligned,diagnostic_only
per_class,video_vs_state_ctrl,D-P-F,STATE-CTRL,66,1,1.0,0.0,1.0,,,,,,,episode_id_aligned,diagnostic_only
per_class,video_vs_state_ctrl,D-P-F,STATE-CTRL,67,1,0.0,0.0,0.0,,,,,,,episode_id_aligned,diagnostic_only
per_class,video_vs_state_ctrl,D-P-F,STATE-CTRL,68,1,1.0,0.0,1.0,,,,,,,episode_id_aligned,diagnostic_only
per_class,video_vs_state_ctrl,D-P-F,STATE-CTRL,69,1,1.0,0.0,1.0,,,,,,,episode_id_aligned,diagnostic_only
per_class,video_vs_state_ctrl,D-P-F,STATE-CTRL,70,1,1.0,0.0,1.0,,,,,,,episode_id_aligned,diagnostic_only
per_class,video_vs_state_ctrl,D-P-F,STATE-CTRL,71,1,1.0,0.0,1.0,,,,,,,episode_id_aligned,diagnostic_only
per_class,video_vs_state_ctrl,D-P-F,STATE-CTRL,72,1,1.0,0.0,1.0,,,,,,,episode_id_aligned,diagnostic_only
per_class,video_vs_state_ctrl,D-P-F,STATE-CTRL,73,6,1.0,0.6666666666666666,0.33333333333333337,,,,,,,episode_id_aligned,diagnostic_only
per_class,video_vs_state_ctrl,D-P-F,STATE-CTRL,74,6,0.6666666666666666,0.16666666666666666,0.5,,,,,,,episode_id_aligned,diagnostic_only
per_class,video_vs_state_ctrl,D-P-F,STATE-CTRL,75,6,1.0,0.0,1.0,,,,,,,episode_id_aligned,diagnostic_only
per_class,video_vs_state_ctrl,D-P-F,STATE-CTRL,76,6,0.8333333333333334,0.6666666666666666,0.16666666666666674,,,,,,,episode_id_aligned,diagnostic_only
per_class,video_vs_state_ctrl,D-P-F,STATE-CTRL,77,6,0.6666666666666666,0.16666666666666666,0.5,,,,,,,episode_id_aligned,diagnostic_only
per_class,video_vs_state_ctrl,D-P-F,STATE-CTRL,78,6,1.0,0.3333333333333333,0.6666666666666667,,,,,,,episode_id_aligned,diagnostic_only
per_class,video_vs_state_ctrl,D-P-F,STATE-CTRL,79,6,1.0,0.0,1.0,,,,,,,episode_id_aligned,diagnostic_only
per_class,video_vs_state_ctrl,D-P-F,STATE-CTRL,80,6,0.5,0.0,0.5,,,,,,,episode_id_aligned,diagnostic_only
per_class,video_vs_state_ctrl,D-P-F,STATE-CTRL,81,6,1.0,1.0,0.0,,,,,,,episode_id_aligned,diagnostic_only
per_class,video_vs_state_ctrl,D-P-F,STATE-CTRL,82,6,0.5,0.8333333333333334,-0.33333333333333337,,,,,,,episode_id_aligned,diagnostic_only
per_class,video_vs_state_ctrl,D-P-F,STATE-CTRL,83,6,0.8333333333333334,0.5,0.33333333333333337,,,,,,,episode_id_aligned,diagnostic_only
per_class,video_vs_state_ctrl,D-P-F,STATE-CTRL,84,6,0.5,0.8333333333333334,-0.33333333333333337,,,,,,,episode_id_aligned,diagnostic_only
per_class,video_vs_state_ctrl,D-P-F,STATE-CTRL,85,6,0.6666666666666666,0.3333333333333333,0.3333333333333333,,,,,,,episode_id_aligned,diagnostic_only
per_class,video_vs_state_ctrl,D-P-F,STATE-CTRL,86,6,1.0,0.8333333333333334,0.16666666666666663,,,,,,,episode_id_aligned,diagnostic_only
per_class,video_vs_state_ctrl,D-P-F,STATE-CTRL,87,6,0.3333333333333333,0.0,0.3333333333333333,,,,,,,episode_id_aligned,diagnostic_only
per_class,video_vs_state_ctrl,D-P-F,STATE-CTRL,88,6,0.6666666666666666,0.8333333333333334,-0.16666666666666674,,,,,,,episode_id_aligned,diagnostic_only
per_class,video_vs_state_ctrl,D-P-F,STATE-CTRL,89,6,0.8333333333333334,1.0,-0.16666666666666663,,,,,,,episode_id_aligned,diagnostic_only
per_class,video_vs_state_ctrl,D-P-F,STATE-CTRL,90,6,0.8333333333333334,0.6666666666666666,0.16666666666666674,,,,,,,episode_id_aligned,diagnostic_only
per_class,video_vs_state_ctrl,D-P-F,STATE-CTRL,91,1,0.0,0.0,0.0,,,,,,,episode_id_aligned,diagnostic_only
per_class,video_vs_state_ctrl,D-P-F,STATE-CTRL,92,1,1.0,0.0,1.0,,,,,,,episode_id_aligned,diagnostic_only
per_class,video_vs_state_ctrl,D-P-F,STATE-CTRL,93,1,1.0,0.0,1.0,,,,,,,episode_id_aligned,diagnostic_only
per_class,video_vs_state_ctrl,D-P-F,STATE-CTRL,94,1,0.0,0.0,0.0,,,,,,,episode_id_aligned,diagnostic_only
per_class,video_vs_state_ctrl,D-P-F,STATE-CTRL,95,1,1.0,0.0,1.0,,,,,,,episode_id_aligned,diagnostic_only
per_class,video_vs_state_ctrl,D-P-F,STATE-CTRL,96,1,1.0,0.0,1.0,,,,,,,episode_id_aligned,diagnostic_only
per_class,video_vs_state_ctrl,D-P-F,STATE-CTRL,97,1,0.0,0.0,0.0,,,,,,,episode_id_aligned,diagnostic_only
per_class,video_vs_state_ctrl,D-P-F,STATE-CTRL,98,1,1.0,0.0,1.0,,,,,,,episode_id_aligned,diagnostic_only
per_class,video_vs_state_ctrl,D-P-F,STATE-CTRL,99,1,1.0,0.0,1.0,,,,,,,episode_id_aligned,diagnostic_only
per_class,video_vs_state_ctrl,D-P-F,STATE-CTRL,100,1,1.0,0.0,1.0,,,,,,,episode_id_aligned,diagnostic_only
per_class,video_vs_state_ctrl,D-P-F,STATE-CTRL,101,1,0.0,0.0,0.0,,,,,,,episode_id_aligned,diagnostic_only
per_class,video_vs_state_ctrl,D-P-F,STATE-CTRL,102,1,0.0,0.0,0.0,,,,,,,episode_id_aligned,diagnostic_only
per_class,video_vs_state_ctrl,D-P-F,STATE-CTRL,103,6,1.0,0.16666666666666666,0.8333333333333334,,,,,,,episode_id_aligned,diagnostic_only
per_class,video_vs_state_ctrl,D-P-F,STATE-CTRL,104,6,1.0,1.0,0.0,,,,,,,episode_id_aligned,diagnostic_only
per_class,video_vs_state_ctrl,D-P-F,STATE-CTRL,105,6,1.0,0.3333333333333333,0.6666666666666667,,,,,,,episode_id_aligned,diagnostic_only
per_class,video_vs_state_ctrl,D-P-F,STATE-CTRL,106,6,1.0,0.8333333333333334,0.16666666666666663,,,,,,,episode_id_aligned,diagnostic_only
per_class,video_vs_state_ctrl,D-P-F,STATE-CTRL,107,7,1.0,0.8571428571428571,0.1428571428571429,,,,,,,episode_id_aligned,diagnostic_only
per_class,video_vs_state_ctrl,D-P-F,STATE-CTRL,108,6,1.0,0.3333333333333333,0.6666666666666667,,,,,,,episode_id_aligned,diagnostic_only
per_class,video_vs_state_ctrl,D-P-F,STATE-CTRL,109,6,1.0,0.3333333333333333,0.6666666666666667,,,,,,,episode_id_aligned,diagnostic_only
per_class,video_vs_state_ctrl,D-P-F,STATE-CTRL,110,1,1.0,0.0,1.0,,,,,,,episode_id_aligned,diagnostic_only
per_class,video_vs_state_ctrl,D-P-F,STATE-CTRL,111,6,1.0,0.6666666666666666,0.33333333333333337,,,,,,,episode_id_aligned,diagnostic_only
per_class,video_vs_state_ctrl,D-P-F,STATE-CTRL,112,7,1.0,0.7142857142857143,0.2857142857142857,,,,,,,episode_id_aligned,diagnostic_only
per_class,video_vs_state_ctrl,D-P-F,STATE-CTRL,113,6,1.0,1.0,0.0,,,,,,,episode_id_aligned,diagnostic_only
per_class,video_vs_state_ctrl,D-P-F,STATE-CTRL,114,6,1.0,0.8333333333333334,0.16666666666666663,,,,,,,episode_id_aligned,diagnostic_only
per_class,video_vs_state_ctrl,D-P-F,STATE-CTRL,115,6,1.0,0.8333333333333334,0.16666666666666663,,,,,,,episode_id_aligned,diagnostic_only
per_class,video_vs_state_ctrl,D-P-F,STATE-CTRL,116,6,1.0,0.5,0.5,,,,,,,episode_id_aligned,diagnostic_only
per_class,video_vs_state_ctrl,D-P-F,STATE-CTRL,117,6,1.0,0.6666666666666666,0.33333333333333337,,,,,,,episode_id_aligned,diagnostic_only
per_class,video_vs_state_ctrl,D-P-F,STATE-CTRL,118,6,1.0,0.6666666666666666,0.33333333333333337,,,,,,,episode_id_aligned,diagnostic_only
per_class,video_vs_state_ctrl,D-P-F,STATE-CTRL,119,7,1.0,0.8571428571428571,0.1428571428571429,,,,,,,episode_id_aligned,diagnostic_only
aggregate,video_vs_state_ctrl,D-P-L,STATE-CTRL,,,,,,0.9611021069692058,0.6337115072933549,0.32739059967585094,0.9219984644984645,0.49080161407307993,0.4311968504253845,episode_id_aligned,diagnostic_only
per_class,video_vs_state_ctrl,D-P-L,STATE-CTRL,0,6,1.0,0.8333333333333334,0.16666666666666663,,,,,,,episode_id_aligned,diagnostic_only
per_class,video_vs_state_ctrl,D-P-L,STATE-CTRL,1,6,1.0,0.16666666666666666,0.8333333333333334,,,,,,,episode_id_aligned,diagnostic_only
per_class,video_vs_state_ctrl,D-P-L,STATE-CTRL,2,6,1.0,0.6666666666666666,0.33333333333333337,,,,,,,episode_id_aligned,diagnostic_only
per_class,video_vs_state_ctrl,D-P-L,STATE-CTRL,3,6,1.0,0.6666666666666666,0.33333333333333337,,,,,,,episode_id_aligned,diagnostic_only
per_class,video_vs_state_ctrl,D-P-L,STATE-CTRL,4,5,1.0,1.0,0.0,,,,,,,episode_id_aligned,diagnostic_only
per_class,video_vs_state_ctrl,D-P-L,STATE-CTRL,5,6,1.0,0.16666666666666666,0.8333333333333334,,,,,,,episode_id_aligned,diagnostic_only
per_class,video_vs_state_ctrl,D-P-L,STATE-CTRL,6,6,1.0,0.6666666666666666,0.33333333333333337,,,,,,,episode_id_aligned,diagnostic_only
per_class,video_vs_state_ctrl,D-P-L,STATE-CTRL,7,6,0.6666666666666666,0.5,0.16666666666666663,,,,,,,episode_id_aligned,diagnostic_only
per_class,video_vs_state_ctrl,D-P-L,STATE-CTRL,8,6,0.8333333333333334,0.3333333333333333,0.5,,,,,,,episode_id_aligned,diagnostic_only
per_class,video_vs_state_ctrl,D-P-L,STATE-CTRL,9,6,1.0,0.8333333333333334,0.16666666666666663,,,,,,,episode_id_aligned,diagnostic_only
per_class,video_vs_state_ctrl,D-P-L,STATE-CTRL,10,6,1.0,0.5,0.5,,,,,,,episode_id_aligned,diagnostic_only
per_class,video_vs_state_ctrl,D-P-L,STATE-CTRL,11,7,1.0,0.7142857142857143,0.2857142857142857,,,,,,,episode_id_aligned,diagnostic_only
per_class,video_vs_state_ctrl,D-P-L,STATE-CTRL,12,6,1.0,1.0,0.0,,,,,,,episode_id_aligned,diagnostic_only
per_class,video_vs_state_ctrl,D-P-L,STATE-CTRL,13,6,1.0,0.5,0.5,,,,,,,episode_id_aligned,diagnostic_only
per_class,video_vs_state_ctrl,D-P-L,STATE-CTRL,14,6,1.0,1.0,0.0,,,,,,,episode_id_aligned,diagnostic_only
per_class,video_vs_state_ctrl,D-P-L,STATE-CTRL,15,7,1.0,0.7142857142857143,0.2857142857142857,,,,,,,episode_id_aligned,diagnostic_only
per_class,video_vs_state_ctrl,D-P-L,STATE-CTRL,16,7,1.0,0.8571428571428571,0.1428571428571429,,,,,,,episode_id_aligned,diagnostic_only
per_class,video_vs_state_ctrl,D-P-L,STATE-CTRL,17,6,1.0,0.3333333333333333,0.6666666666666667,,,,,,,episode_id_aligned,diagnostic_only
per_class,video_vs_state_ctrl,D-P-L,STATE-CTRL,18,6,1.0,0.6666666666666666,0.33333333333333337,,,,,,,episode_id_aligned,diagnostic_only
per_class,video_vs_state_ctrl,D-P-L,STATE-CTRL,19,6,1.0,0.8333333333333334,0.16666666666666663,,,,,,,episode_id_aligned,diagnostic_only
per_class,video_vs_state_ctrl,D-P-L,STATE-CTRL,20,6,1.0,0.5,0.5,,,,,,,episode_id_aligned,diagnostic_only
per_class,video_vs_state_ctrl,D-P-L,STATE-CTRL,21,6,1.0,0.6666666666666666,0.33333333333333337,,,,,,,episode_id_aligned,diagnostic_only
per_class,video_vs_state_ctrl,D-P-L,STATE-CTRL,22,6,1.0,0.5,0.5,,,,,,,episode_id_aligned,diagnostic_only
per_class,video_vs_state_ctrl,D-P-L,STATE-CTRL,23,6,1.0,1.0,0.0,,,,,,,episode_id_aligned,diagnostic_only
per_class,video_vs_state_ctrl,D-P-L,STATE-CTRL,24,6,1.0,0.0,1.0,,,,,,,episode_id_aligned,diagnostic_only
per_class,video_vs_state_ctrl,D-P-L,STATE-CTRL,25,6,1.0,0.8333333333333334,0.16666666666666663,,,,,,,episode_id_aligned,diagnostic_only
per_class,video_vs_state_ctrl,D-P-L,STATE-CTRL,26,6,1.0,1.0,0.0,,,,,,,episode_id_aligned,diagnostic_only
per_class,video_vs_state_ctrl,D-P-L,STATE-CTRL,27,6,1.0,1.0,0.0,,,,,,,episode_id_aligned,diagnostic_only
per_class,video_vs_state_ctrl,D-P-L,STATE-CTRL,28,11,1.0,1.0,0.0,,,,,,,episode_id_aligned,diagnostic_only
per_class,video_vs_state_ctrl,D-P-L,STATE-CTRL,29,12,1.0,1.0,0.0,,,,,,,episode_id_aligned,diagnostic_only
per_class,video_vs_state_ctrl,D-P-L,STATE-CTRL,30,6,1.0,0.6666666666666666,0.33333333333333337,,,,,,,episode_id_aligned,diagnostic_only
per_class,video_vs_state_ctrl,D-P-L,STATE-CTRL,31,6,1.0,0.8333333333333334,0.16666666666666663,,,,,,,episode_id_aligned,diagnostic_only
per_class,video_vs_state_ctrl,D-P-L,STATE-CTRL,32,6,1.0,0.5,0.5,,,,,,,episode_id_aligned,diagnostic_only
per_class,video_vs_state_ctrl,D-P-L,STATE-CTRL,33,6,1.0,0.3333333333333333,0.6666666666666667,,,,,,,episode_id_aligned,diagnostic_only
per_class,video_vs_state_ctrl,D-P-L,STATE-CTRL,34,6,1.0,0.8333333333333334,0.16666666666666663,,,,,,,episode_id_aligned,diagnostic_only
per_class,video_vs_state_ctrl,D-P-L,STATE-CTRL,35,6,1.0,0.6666666666666666,0.33333333333333337,,,,,,,episode_id_aligned,diagnostic_only
per_class,video_vs_state_ctrl,D-P-L,STATE-CTRL,36,6,1.0,0.5,0.5,,,,,,,episode_id_aligned,diagnostic_only
per_class,video_vs_state_ctrl,D-P-L,STATE-CTRL,37,6,1.0,1.0,0.0,,,,,,,episode_id_aligned,diagnostic_only
per_class,video_vs_state_ctrl,D-P-L,STATE-CTRL,38,6,1.0,1.0,0.0,,,,,,,episode_id_aligned,diagnostic_only
per_class,video_vs_state_ctrl,D-P-L,STATE-CTRL,39,12,1.0,0.9166666666666666,0.08333333333333337,,,,,,,episode_id_aligned,diagnostic_only
per_class,video_vs_state_ctrl,D-P-L,STATE-CTRL,40,6,1.0,0.8333333333333334,0.16666666666666663,,,,,,,episode_id_aligned,diagnostic_only
per_class,video_vs_state_ctrl,D-P-L,STATE-CTRL,41,6,1.0,0.8333333333333334,0.16666666666666663,,,,,,,episode_id_aligned,diagnostic_only
per_class,video_vs_state_ctrl,D-P-L,STATE-CTRL,42,6,1.0,0.5,0.5,,,,,,,episode_id_aligned,diagnostic_only
per_class,video_vs_state_ctrl,D-P-L,STATE-CTRL,43,6,1.0,0.16666666666666666,0.8333333333333334,,,,,,,episode_id_aligned,diagnostic_only
per_class,video_vs_state_ctrl,D-P-L,STATE-CTRL,44,7,1.0,0.0,1.0,,,,,,,episode_id_aligned,diagnostic_only
per_class,video_vs_state_ctrl,D-P-L,STATE-CTRL,45,6,1.0,0.6666666666666666,0.33333333333333337,,,,,,,episode_id_aligned,diagnostic_only
per_class,video_vs_state_ctrl,D-P-L,STATE-CTRL,46,6,1.0,1.0,0.0,,,,,,,episode_id_aligned,diagnostic_only
per_class,video_vs_state_ctrl,D-P-L,STATE-CTRL,47,6,1.0,1.0,0.0,,,,,,,episode_id_aligned,diagnostic_only
per_class,video_vs_state_ctrl,D-P-L,STATE-CTRL,48,6,1.0,1.0,0.0,,,,,,,episode_id_aligned,diagnostic_only
per_class,video_vs_state_ctrl,D-P-L,STATE-CTRL,49,6,1.0,0.5,0.5,,,,,,,episode_id_aligned,diagnostic_only
per_class,video_vs_state_ctrl,D-P-L,STATE-CTRL,50,5,1.0,1.0,0.0,,,,,,,episode_id_aligned,diagnostic_only
per_class,video_vs_state_ctrl,D-P-L,STATE-CTRL,51,6,1.0,0.8333333333333334,0.16666666666666663,,,,,,,episode_id_aligned,diagnostic_only
per_class,video_vs_state_ctrl,D-P-L,STATE-CTRL,52,6,1.0,1.0,0.0,,,,,,,episode_id_aligned,diagnostic_only
per_class,video_vs_state_ctrl,D-P-L,STATE-CTRL,53,6,1.0,0.6666666666666666,0.33333333333333337,,,,,,,episode_id_aligned,diagnostic_only
per_class,video_vs_state_ctrl,D-P-L,STATE-CTRL,54,6,1.0,0.8333333333333334,0.16666666666666663,,,,,,,episode_id_aligned,diagnostic_only
per_class,video_vs_state_ctrl,D-P-L,STATE-CTRL,55,6,1.0,0.8333333333333334,0.16666666666666663,,,,,,,episode_id_aligned,diagnostic_only
per_class,video_vs_state_ctrl,D-P-L,STATE-CTRL,56,6,1.0,0.8333333333333334,0.16666666666666663,,,,,,,episode_id_aligned,diagnostic_only
per_class,video_vs_state_ctrl,D-P-L,STATE-CTRL,57,6,1.0,0.3333333333333333,0.6666666666666667,,,,,,,episode_id_aligned,diagnostic_only
per_class,video_vs_state_ctrl,D-P-L,STATE-CTRL,58,6,1.0,0.6666666666666666,0.33333333333333337,,,,,,,episode_id_aligned,diagnostic_only
per_class,video_vs_state_ctrl,D-P-L,STATE-CTRL,59,6,1.0,0.8333333333333334,0.16666666666666663,,,,,,,episode_id_aligned,diagnostic_only
per_class,video_vs_state_ctrl,D-P-L,STATE-CTRL,60,6,1.0,0.5,0.5,,,,,,,episode_id_aligned,diagnostic_only
per_class,video_vs_state_ctrl,D-P-L,STATE-CTRL,61,1,0.0,0.0,0.0,,,,,,,episode_id_aligned,diagnostic_only
per_class,video_vs_state_ctrl,D-P-L,STATE-CTRL,62,1,1.0,0.0,1.0,,,,,,,episode_id_aligned,diagnostic_only
per_class,video_vs_state_ctrl,D-P-L,STATE-CTRL,63,1,1.0,0.0,1.0,,,,,,,episode_id_aligned,diagnostic_only
per_class,video_vs_state_ctrl,D-P-L,STATE-CTRL,64,1,1.0,0.0,1.0,,,,,,,episode_id_aligned,diagnostic_only
per_class,video_vs_state_ctrl,D-P-L,STATE-CTRL,65,1,1.0,0.0,1.0,,,,,,,episode_id_aligned,diagnostic_only
per_class,video_vs_state_ctrl,D-P-L,STATE-CTRL,66,1,1.0,0.0,1.0,,,,,,,episode_id_aligned,diagnostic_only
per_class,video_vs_state_ctrl,D-P-L,STATE-CTRL,67,1,0.0,0.0,0.0,,,,,,,episode_id_aligned,diagnostic_only
per_class,video_vs_state_ctrl,D-P-L,STATE-CTRL,68,1,1.0,0.0,1.0,,,,,,,episode_id_aligned,diagnostic_only
per_class,video_vs_state_ctrl,D-P-L,STATE-CTRL,69,1,1.0,0.0,1.0,,,,,,,episode_id_aligned,diagnostic_only
per_class,video_vs_state_ctrl,D-P-L,STATE-CTRL,70,1,1.0,0.0,1.0,,,,,,,episode_id_aligned,diagnostic_only
per_class,video_vs_state_ctrl,D-P-L,STATE-CTRL,71,1,1.0,0.0,1.0,,,,,,,episode_id_aligned,diagnostic_only
per_class,video_vs_state_ctrl,D-P-L,STATE-CTRL,72,1,1.0,0.0,1.0,,,,,,,episode_id_aligned,diagnostic_only
per_class,video_vs_state_ctrl,D-P-L,STATE-CTRL,73,6,1.0,0.6666666666666666,0.33333333333333337,,,,,,,episode_id_aligned,diagnostic_only
per_class,video_vs_state_ctrl,D-P-L,STATE-CTRL,74,6,0.6666666666666666,0.16666666666666666,0.5,,,,,,,episode_id_aligned,diagnostic_only
per_class,video_vs_state_ctrl,D-P-L,STATE-CTRL,75,6,1.0,0.0,1.0,,,,,,,episode_id_aligned,diagnostic_only
per_class,video_vs_state_ctrl,D-P-L,STATE-CTRL,76,6,0.8333333333333334,0.6666666666666666,0.16666666666666674,,,,,,,episode_id_aligned,diagnostic_only
per_class,video_vs_state_ctrl,D-P-L,STATE-CTRL,77,6,0.8333333333333334,0.16666666666666666,0.6666666666666667,,,,,,,episode_id_aligned,diagnostic_only
per_class,video_vs_state_ctrl,D-P-L,STATE-CTRL,78,6,1.0,0.3333333333333333,0.6666666666666667,,,,,,,episode_id_aligned,diagnostic_only
per_class,video_vs_state_ctrl,D-P-L,STATE-CTRL,79,6,1.0,0.0,1.0,,,,,,,episode_id_aligned,diagnostic_only
per_class,video_vs_state_ctrl,D-P-L,STATE-CTRL,80,6,0.8333333333333334,0.0,0.8333333333333334,,,,,,,episode_id_aligned,diagnostic_only
per_class,video_vs_state_ctrl,D-P-L,STATE-CTRL,81,6,1.0,1.0,0.0,,,,,,,episode_id_aligned,diagnostic_only
per_class,video_vs_state_ctrl,D-P-L,STATE-CTRL,82,6,1.0,0.8333333333333334,0.16666666666666663,,,,,,,episode_id_aligned,diagnostic_only
per_class,video_vs_state_ctrl,D-P-L,STATE-CTRL,83,6,0.6666666666666666,0.5,0.16666666666666663,,,,,,,episode_id_aligned,diagnostic_only
per_class,video_vs_state_ctrl,D-P-L,STATE-CTRL,84,6,0.3333333333333333,0.8333333333333334,-0.5,,,,,,,episode_id_aligned,diagnostic_only
per_class,video_vs_state_ctrl,D-P-L,STATE-CTRL,85,6,1.0,0.3333333333333333,0.6666666666666667,,,,,,,episode_id_aligned,diagnostic_only
per_class,video_vs_state_ctrl,D-P-L,STATE-CTRL,86,6,0.8333333333333334,0.8333333333333334,0.0,,,,,,,episode_id_aligned,diagnostic_only
per_class,video_vs_state_ctrl,D-P-L,STATE-CTRL,87,6,0.5,0.0,0.5,,,,,,,episode_id_aligned,diagnostic_only
per_class,video_vs_state_ctrl,D-P-L,STATE-CTRL,88,6,1.0,0.8333333333333334,0.16666666666666663,,,,,,,episode_id_aligned,diagnostic_only
per_class,video_vs_state_ctrl,D-P-L,STATE-CTRL,89,6,1.0,1.0,0.0,,,,,,,episode_id_aligned,diagnostic_only
per_class,video_vs_state_ctrl,D-P-L,STATE-CTRL,90,6,0.8333333333333334,0.6666666666666666,0.16666666666666674,,,,,,,episode_id_aligned,diagnostic_only
per_class,video_vs_state_ctrl,D-P-L,STATE-CTRL,91,1,1.0,0.0,1.0,,,,,,,episode_id_aligned,diagnostic_only
per_class,video_vs_state_ctrl,D-P-L,STATE-CTRL,92,1,1.0,0.0,1.0,,,,,,,episode_id_aligned,diagnostic_only
per_class,video_vs_state_ctrl,D-P-L,STATE-CTRL,93,1,1.0,0.0,1.0,,,,,,,episode_id_aligned,diagnostic_only
per_class,video_vs_state_ctrl,D-P-L,STATE-CTRL,94,1,0.0,0.0,0.0,,,,,,,episode_id_aligned,diagnostic_only
per_class,video_vs_state_ctrl,D-P-L,STATE-CTRL,95,1,1.0,0.0,1.0,,,,,,,episode_id_aligned,diagnostic_only
per_class,video_vs_state_ctrl,D-P-L,STATE-CTRL,96,1,1.0,0.0,1.0,,,,,,,episode_id_aligned,diagnostic_only
per_class,video_vs_state_ctrl,D-P-L,STATE-CTRL,97,1,0.0,0.0,0.0,,,,,,,episode_id_aligned,diagnostic_only
per_class,video_vs_state_ctrl,D-P-L,STATE-CTRL,98,1,1.0,0.0,1.0,,,,,,,episode_id_aligned,diagnostic_only
per_class,video_vs_state_ctrl,D-P-L,STATE-CTRL,99,1,1.0,0.0,1.0,,,,,,,episode_id_aligned,diagnostic_only
per_class,video_vs_state_ctrl,D-P-L,STATE-CTRL,100,1,1.0,0.0,1.0,,,,,,,episode_id_aligned,diagnostic_only
per_class,video_vs_state_ctrl,D-P-L,STATE-CTRL,101,1,0.0,0.0,0.0,,,,,,,episode_id_aligned,diagnostic_only
per_class,video_vs_state_ctrl,D-P-L,STATE-CTRL,102,1,1.0,0.0,1.0,,,,,,,episode_id_aligned,diagnostic_only
per_class,video_vs_state_ctrl,D-P-L,STATE-CTRL,103,6,1.0,0.16666666666666666,0.8333333333333334,,,,,,,episode_id_aligned,diagnostic_only
per_class,video_vs_state_ctrl,D-P-L,STATE-CTRL,104,6,1.0,1.0,0.0,,,,,,,episode_id_aligned,diagnostic_only
per_class,video_vs_state_ctrl,D-P-L,STATE-CTRL,105,6,1.0,0.3333333333333333,0.6666666666666667,,,,,,,episode_id_aligned,diagnostic_only
per_class,video_vs_state_ctrl,D-P-L,STATE-CTRL,106,6,1.0,0.8333333333333334,0.16666666666666663,,,,,,,episode_id_aligned,diagnostic_only
per_class,video_vs_state_ctrl,D-P-L,STATE-CTRL,107,7,1.0,0.8571428571428571,0.1428571428571429,,,,,,,episode_id_aligned,diagnostic_only
per_class,video_vs_state_ctrl,D-P-L,STATE-CTRL,108,6,1.0,0.3333333333333333,0.6666666666666667,,,,,,,episode_id_aligned,diagnostic_only
per_class,video_vs_state_ctrl,D-P-L,STATE-CTRL,109,6,1.0,0.3333333333333333,0.6666666666666667,,,,,,,episode_id_aligned,diagnostic_only
per_class,video_vs_state_ctrl,D-P-L,STATE-CTRL,110,1,1.0,0.0,1.0,,,,,,,episode_id_aligned,diagnostic_only
per_class,video_vs_state_ctrl,D-P-L,STATE-CTRL,111,6,1.0,0.6666666666666666,0.33333333333333337,,,,,,,episode_id_aligned,diagnostic_only
per_class,video_vs_state_ctrl,D-P-L,STATE-CTRL,112,7,1.0,0.7142857142857143,0.2857142857142857,,,,,,,episode_id_aligned,diagnostic_only
per_class,video_vs_state_ctrl,D-P-L,STATE-CTRL,113,6,1.0,1.0,0.0,,,,,,,episode_id_aligned,diagnostic_only
per_class,video_vs_state_ctrl,D-P-L,STATE-CTRL,114,6,1.0,0.8333333333333334,0.16666666666666663,,,,,,,episode_id_aligned,diagnostic_only
per_class,video_vs_state_ctrl,D-P-L,STATE-CTRL,115,6,1.0,0.8333333333333334,0.16666666666666663,,,,,,,episode_id_aligned,diagnostic_only
per_class,video_vs_state_ctrl,D-P-L,STATE-CTRL,116,6,1.0,0.5,0.5,,,,,,,episode_id_aligned,diagnostic_only
per_class,video_vs_state_ctrl,D-P-L,STATE-CTRL,117,6,1.0,0.6666666666666666,0.33333333333333337,,,,,,,episode_id_aligned,diagnostic_only
per_class,video_vs_state_ctrl,D-P-L,STATE-CTRL,118,6,1.0,0.6666666666666666,0.33333333333333337,,,,,,,episode_id_aligned,diagnostic_only
per_class,video_vs_state_ctrl,D-P-L,STATE-CTRL,119,7,1.0,0.8571428571428571,0.1428571428571429,,,,,,,episode_id_aligned,diagnostic_only
aggregate,video_vs_state_ctrl,D-A-F,STATE-CTRL,,,,,,0.9351701782820098,0.6337115072933549,0.30145867098865486,0.8347468125556361,0.49080161407307993,0.34394519848255617,episode_id_aligned,diagnostic_only
per_class,video_vs_state_ctrl,D-A-F,STATE-CTRL,0,6,1.0,0.8333333333333334,0.16666666666666663,,,,,,,episode_id_aligned,diagnostic_only
per_class,video_vs_state_ctrl,D-A-F,STATE-CTRL,1,6,1.0,0.16666666666666666,0.8333333333333334,,,,,,,episode_id_aligned,diagnostic_only
per_class,video_vs_state_ctrl,D-A-F,STATE-CTRL,2,6,0.8333333333333334,0.6666666666666666,0.16666666666666674,,,,,,,episode_id_aligned,diagnostic_only
per_class,video_vs_state_ctrl,D-A-F,STATE-CTRL,3,6,1.0,0.6666666666666666,0.33333333333333337,,,,,,,episode_id_aligned,diagnostic_only
per_class,video_vs_state_ctrl,D-A-F,STATE-CTRL,4,5,0.8,1.0,-0.19999999999999996,,,,,,,episode_id_aligned,diagnostic_only
per_class,video_vs_state_ctrl,D-A-F,STATE-CTRL,5,6,1.0,0.16666666666666666,0.8333333333333334,,,,,,,episode_id_aligned,diagnostic_only
per_class,video_vs_state_ctrl,D-A-F,STATE-CTRL,6,6,1.0,0.6666666666666666,0.33333333333333337,,,,,,,episode_id_aligned,diagnostic_only
per_class,video_vs_state_ctrl,D-A-F,STATE-CTRL,7,6,1.0,0.5,0.5,,,,,,,episode_id_aligned,diagnostic_only
per_class,video_vs_state_ctrl,D-A-F,STATE-CTRL,8,6,1.0,0.3333333333333333,0.6666666666666667,,,,,,,episode_id_aligned,diagnostic_only
per_class,video_vs_state_ctrl,D-A-F,STATE-CTRL,9,6,1.0,0.8333333333333334,0.16666666666666663,,,,,,,episode_id_aligned,diagnostic_only
per_class,video_vs_state_ctrl,D-A-F,STATE-CTRL,10,6,1.0,0.5,0.5,,,,,,,episode_id_aligned,diagnostic_only
per_class,video_vs_state_ctrl,D-A-F,STATE-CTRL,11,7,1.0,0.7142857142857143,0.2857142857142857,,,,,,,episode_id_aligned,diagnostic_only
per_class,video_vs_state_ctrl,D-A-F,STATE-CTRL,12,6,1.0,1.0,0.0,,,,,,,episode_id_aligned,diagnostic_only
per_class,video_vs_state_ctrl,D-A-F,STATE-CTRL,13,6,1.0,0.5,0.5,,,,,,,episode_id_aligned,diagnostic_only
per_class,video_vs_state_ctrl,D-A-F,STATE-CTRL,14,6,1.0,1.0,0.0,,,,,,,episode_id_aligned,diagnostic_only
per_class,video_vs_state_ctrl,D-A-F,STATE-CTRL,15,7,0.8571428571428571,0.7142857142857143,0.1428571428571428,,,,,,,episode_id_aligned,diagnostic_only
per_class,video_vs_state_ctrl,D-A-F,STATE-CTRL,16,7,1.0,0.8571428571428571,0.1428571428571429,,,,,,,episode_id_aligned,diagnostic_only
per_class,video_vs_state_ctrl,D-A-F,STATE-CTRL,17,6,1.0,0.3333333333333333,0.6666666666666667,,,,,,,episode_id_aligned,diagnostic_only
per_class,video_vs_state_ctrl,D-A-F,STATE-CTRL,18,6,1.0,0.6666666666666666,0.33333333333333337,,,,,,,episode_id_aligned,diagnostic_only
per_class,video_vs_state_ctrl,D-A-F,STATE-CTRL,19,6,0.8333333333333334,0.8333333333333334,0.0,,,,,,,episode_id_aligned,diagnostic_only
per_class,video_vs_state_ctrl,D-A-F,STATE-CTRL,20,6,1.0,0.5,0.5,,,,,,,episode_id_aligned,diagnostic_only
per_class,video_vs_state_ctrl,D-A-F,STATE-CTRL,21,6,1.0,0.6666666666666666,0.33333333333333337,,,,,,,episode_id_aligned,diagnostic_only
per_class,video_vs_state_ctrl,D-A-F,STATE-CTRL,22,6,1.0,0.5,0.5,,,,,,,episode_id_aligned,diagnostic_only
per_class,video_vs_state_ctrl,D-A-F,STATE-CTRL,23,6,1.0,1.0,0.0,,,,,,,episode_id_aligned,diagnostic_only
per_class,video_vs_state_ctrl,D-A-F,STATE-CTRL,24,6,1.0,0.0,1.0,,,,,,,episode_id_aligned,diagnostic_only
per_class,video_vs_state_ctrl,D-A-F,STATE-CTRL,25,6,1.0,0.8333333333333334,0.16666666666666663,,,,,,,episode_id_aligned,diagnostic_only
per_class,video_vs_state_ctrl,D-A-F,STATE-CTRL,26,6,1.0,1.0,0.0,,,,,,,episode_id_aligned,diagnostic_only
per_class,video_vs_state_ctrl,D-A-F,STATE-CTRL,27,6,1.0,1.0,0.0,,,,,,,episode_id_aligned,diagnostic_only
per_class,video_vs_state_ctrl,D-A-F,STATE-CTRL,28,11,1.0,1.0,0.0,,,,,,,episode_id_aligned,diagnostic_only
per_class,video_vs_state_ctrl,D-A-F,STATE-CTRL,29,12,1.0,1.0,0.0,,,,,,,episode_id_aligned,diagnostic_only
per_class,video_vs_state_ctrl,D-A-F,STATE-CTRL,30,6,1.0,0.6666666666666666,0.33333333333333337,,,,,,,episode_id_aligned,diagnostic_only
per_class,video_vs_state_ctrl,D-A-F,STATE-CTRL,31,6,1.0,0.8333333333333334,0.16666666666666663,,,,,,,episode_id_aligned,diagnostic_only
per_class,video_vs_state_ctrl,D-A-F,STATE-CTRL,32,6,1.0,0.5,0.5,,,,,,,episode_id_aligned,diagnostic_only
per_class,video_vs_state_ctrl,D-A-F,STATE-CTRL,33,6,1.0,0.3333333333333333,0.6666666666666667,,,,,,,episode_id_aligned,diagnostic_only
per_class,video_vs_state_ctrl,D-A-F,STATE-CTRL,34,6,1.0,0.8333333333333334,0.16666666666666663,,,,,,,episode_id_aligned,diagnostic_only
per_class,video_vs_state_ctrl,D-A-F,STATE-CTRL,35,6,1.0,0.6666666666666666,0.33333333333333337,,,,,,,episode_id_aligned,diagnostic_only
per_class,video_vs_state_ctrl,D-A-F,STATE-CTRL,36,6,1.0,0.5,0.5,,,,,,,episode_id_aligned,diagnostic_only
per_class,video_vs_state_ctrl,D-A-F,STATE-CTRL,37,6,1.0,1.0,0.0,,,,,,,episode_id_aligned,diagnostic_only
per_class,video_vs_state_ctrl,D-A-F,STATE-CTRL,38,6,1.0,1.0,0.0,,,,,,,episode_id_aligned,diagnostic_only
per_class,video_vs_state_ctrl,D-A-F,STATE-CTRL,39,12,1.0,0.9166666666666666,0.08333333333333337,,,,,,,episode_id_aligned,diagnostic_only
per_class,video_vs_state_ctrl,D-A-F,STATE-CTRL,40,6,1.0,0.8333333333333334,0.16666666666666663,,,,,,,episode_id_aligned,diagnostic_only
per_class,video_vs_state_ctrl,D-A-F,STATE-CTRL,41,6,1.0,0.8333333333333334,0.16666666666666663,,,,,,,episode_id_aligned,diagnostic_only
per_class,video_vs_state_ctrl,D-A-F,STATE-CTRL,42,6,1.0,0.5,0.5,,,,,,,episode_id_aligned,diagnostic_only
per_class,video_vs_state_ctrl,D-A-F,STATE-CTRL,43,6,1.0,0.16666666666666666,0.8333333333333334,,,,,,,episode_id_aligned,diagnostic_only
per_class,video_vs_state_ctrl,D-A-F,STATE-CTRL,44,7,1.0,0.0,1.0,,,,,,,episode_id_aligned,diagnostic_only
per_class,video_vs_state_ctrl,D-A-F,STATE-CTRL,45,6,1.0,0.6666666666666666,0.33333333333333337,,,,,,,episode_id_aligned,diagnostic_only
per_class,video_vs_state_ctrl,D-A-F,STATE-CTRL,46,6,1.0,1.0,0.0,,,,,,,episode_id_aligned,diagnostic_only
per_class,video_vs_state_ctrl,D-A-F,STATE-CTRL,47,6,1.0,1.0,0.0,,,,,,,episode_id_aligned,diagnostic_only
per_class,video_vs_state_ctrl,D-A-F,STATE-CTRL,48,6,1.0,1.0,0.0,,,,,,,episode_id_aligned,diagnostic_only
per_class,video_vs_state_ctrl,D-A-F,STATE-CTRL,49,6,1.0,0.5,0.5,,,,,,,episode_id_aligned,diagnostic_only
per_class,video_vs_state_ctrl,D-A-F,STATE-CTRL,50,5,1.0,1.0,0.0,,,,,,,episode_id_aligned,diagnostic_only
per_class,video_vs_state_ctrl,D-A-F,STATE-CTRL,51,6,1.0,0.8333333333333334,0.16666666666666663,,,,,,,episode_id_aligned,diagnostic_only
per_class,video_vs_state_ctrl,D-A-F,STATE-CTRL,52,6,1.0,1.0,0.0,,,,,,,episode_id_aligned,diagnostic_only
per_class,video_vs_state_ctrl,D-A-F,STATE-CTRL,53,6,1.0,0.6666666666666666,0.33333333333333337,,,,,,,episode_id_aligned,diagnostic_only
per_class,video_vs_state_ctrl,D-A-F,STATE-CTRL,54,6,1.0,0.8333333333333334,0.16666666666666663,,,,,,,episode_id_aligned,diagnostic_only
per_class,video_vs_state_ctrl,D-A-F,STATE-CTRL,55,6,1.0,0.8333333333333334,0.16666666666666663,,,,,,,episode_id_aligned,diagnostic_only
per_class,video_vs_state_ctrl,D-A-F,STATE-CTRL,56,6,1.0,0.8333333333333334,0.16666666666666663,,,,,,,episode_id_aligned,diagnostic_only
per_class,video_vs_state_ctrl,D-A-F,STATE-CTRL,57,6,1.0,0.3333333333333333,0.6666666666666667,,,,,,,episode_id_aligned,diagnostic_only
per_class,video_vs_state_ctrl,D-A-F,STATE-CTRL,58,6,1.0,0.6666666666666666,0.33333333333333337,,,,,,,episode_id_aligned,diagnostic_only
per_class,video_vs_state_ctrl,D-A-F,STATE-CTRL,59,6,1.0,0.8333333333333334,0.16666666666666663,,,,,,,episode_id_aligned,diagnostic_only
per_class,video_vs_state_ctrl,D-A-F,STATE-CTRL,60,6,1.0,0.5,0.5,,,,,,,episode_id_aligned,diagnostic_only
per_class,video_vs_state_ctrl,D-A-F,STATE-CTRL,61,1,0.0,0.0,0.0,,,,,,,episode_id_aligned,diagnostic_only
per_class,video_vs_state_ctrl,D-A-F,STATE-CTRL,62,1,1.0,0.0,1.0,,,,,,,episode_id_aligned,diagnostic_only
per_class,video_vs_state_ctrl,D-A-F,STATE-CTRL,63,1,1.0,0.0,1.0,,,,,,,episode_id_aligned,diagnostic_only
per_class,video_vs_state_ctrl,D-A-F,STATE-CTRL,64,1,1.0,0.0,1.0,,,,,,,episode_id_aligned,diagnostic_only
per_class,video_vs_state_ctrl,D-A-F,STATE-CTRL,65,1,1.0,0.0,1.0,,,,,,,episode_id_aligned,diagnostic_only
per_class,video_vs_state_ctrl,D-A-F,STATE-CTRL,66,1,0.0,0.0,0.0,,,,,,,episode_id_aligned,diagnostic_only
per_class,video_vs_state_ctrl,D-A-F,STATE-CTRL,67,1,0.0,0.0,0.0,,,,,,,episode_id_aligned,diagnostic_only
per_class,video_vs_state_ctrl,D-A-F,STATE-CTRL,68,1,1.0,0.0,1.0,,,,,,,episode_id_aligned,diagnostic_only
per_class,video_vs_state_ctrl,D-A-F,STATE-CTRL,69,1,1.0,0.0,1.0,,,,,,,episode_id_aligned,diagnostic_only
per_class,video_vs_state_ctrl,D-A-F,STATE-CTRL,70,1,0.0,0.0,0.0,,,,,,,episode_id_aligned,diagnostic_only
per_class,video_vs_state_ctrl,D-A-F,STATE-CTRL,71,1,1.0,0.0,1.0,,,,,,,episode_id_aligned,diagnostic_only
per_class,video_vs_state_ctrl,D-A-F,STATE-CTRL,72,1,0.0,0.0,0.0,,,,,,,episode_id_aligned,diagnostic_only
per_class,video_vs_state_ctrl,D-A-F,STATE-CTRL,73,6,1.0,0.6666666666666666,0.33333333333333337,,,,,,,episode_id_aligned,diagnostic_only
per_class,video_vs_state_ctrl,D-A-F,STATE-CTRL,74,6,0.6666666666666666,0.16666666666666666,0.5,,,,,,,episode_id_aligned,diagnostic_only
per_class,video_vs_state_ctrl,D-A-F,STATE-CTRL,75,6,1.0,0.0,1.0,,,,,,,episode_id_aligned,diagnostic_only
per_class,video_vs_state_ctrl,D-A-F,STATE-CTRL,76,6,0.8333333333333334,0.6666666666666666,0.16666666666666674,,,,,,,episode_id_aligned,diagnostic_only
per_class,video_vs_state_ctrl,D-A-F,STATE-CTRL,77,6,0.6666666666666666,0.16666666666666666,0.5,,,,,,,episode_id_aligned,diagnostic_only
per_class,video_vs_state_ctrl,D-A-F,STATE-CTRL,78,6,1.0,0.3333333333333333,0.6666666666666667,,,,,,,episode_id_aligned,diagnostic_only
per_class,video_vs_state_ctrl,D-A-F,STATE-CTRL,79,6,0.8333333333333334,0.0,0.8333333333333334,,,,,,,episode_id_aligned,diagnostic_only
per_class,video_vs_state_ctrl,D-A-F,STATE-CTRL,80,6,0.6666666666666666,0.0,0.6666666666666666,,,,,,,episode_id_aligned,diagnostic_only
per_class,video_vs_state_ctrl,D-A-F,STATE-CTRL,81,6,1.0,1.0,0.0,,,,,,,episode_id_aligned,diagnostic_only
per_class,video_vs_state_ctrl,D-A-F,STATE-CTRL,82,6,0.8333333333333334,0.8333333333333334,0.0,,,,,,,episode_id_aligned,diagnostic_only
per_class,video_vs_state_ctrl,D-A-F,STATE-CTRL,83,6,0.16666666666666666,0.5,-0.33333333333333337,,,,,,,episode_id_aligned,diagnostic_only
per_class,video_vs_state_ctrl,D-A-F,STATE-CTRL,84,6,1.0,0.8333333333333334,0.16666666666666663,,,,,,,episode_id_aligned,diagnostic_only
per_class,video_vs_state_ctrl,D-A-F,STATE-CTRL,85,6,1.0,0.3333333333333333,0.6666666666666667,,,,,,,episode_id_aligned,diagnostic_only
per_class,video_vs_state_ctrl,D-A-F,STATE-CTRL,86,6,0.8333333333333334,0.8333333333333334,0.0,,,,,,,episode_id_aligned,diagnostic_only
per_class,video_vs_state_ctrl,D-A-F,STATE-CTRL,87,6,1.0,0.0,1.0,,,,,,,episode_id_aligned,diagnostic_only
per_class,video_vs_state_ctrl,D-A-F,STATE-CTRL,88,6,0.16666666666666666,0.8333333333333334,-0.6666666666666667,,,,,,,episode_id_aligned,diagnostic_only
per_class,video_vs_state_ctrl,D-A-F,STATE-CTRL,89,6,1.0,1.0,0.0,,,,,,,episode_id_aligned,diagnostic_only
per_class,video_vs_state_ctrl,D-A-F,STATE-CTRL,90,6,0.5,0.6666666666666666,-0.16666666666666663,,,,,,,episode_id_aligned,diagnostic_only
per_class,video_vs_state_ctrl,D-A-F,STATE-CTRL,91,1,1.0,0.0,1.0,,,,,,,episode_id_aligned,diagnostic_only
per_class,video_vs_state_ctrl,D-A-F,STATE-CTRL,92,1,1.0,0.0,1.0,,,,,,,episode_id_aligned,diagnostic_only
per_class,video_vs_state_ctrl,D-A-F,STATE-CTRL,93,1,0.0,0.0,0.0,,,,,,,episode_id_aligned,diagnostic_only
per_class,video_vs_state_ctrl,D-A-F,STATE-CTRL,94,1,0.0,0.0,0.0,,,,,,,episode_id_aligned,diagnostic_only
per_class,video_vs_state_ctrl,D-A-F,STATE-CTRL,95,1,1.0,0.0,1.0,,,,,,,episode_id_aligned,diagnostic_only
per_class,video_vs_state_ctrl,D-A-F,STATE-CTRL,96,1,0.0,0.0,0.0,,,,,,,episode_id_aligned,diagnostic_only
per_class,video_vs_state_ctrl,D-A-F,STATE-CTRL,97,1,0.0,0.0,0.0,,,,,,,episode_id_aligned,diagnostic_only
per_class,video_vs_state_ctrl,D-A-F,STATE-CTRL,98,1,1.0,0.0,1.0,,,,,,,episode_id_aligned,diagnostic_only
per_class,video_vs_state_ctrl,D-A-F,STATE-CTRL,99,1,0.0,0.0,0.0,,,,,,,episode_id_aligned,diagnostic_only
per_class,video_vs_state_ctrl,D-A-F,STATE-CTRL,100,1,0.0,0.0,0.0,,,,,,,episode_id_aligned,diagnostic_only
per_class,video_vs_state_ctrl,D-A-F,STATE-CTRL,101,1,0.0,0.0,0.0,,,,,,,episode_id_aligned,diagnostic_only
per_class,video_vs_state_ctrl,D-A-F,STATE-CTRL,102,1,1.0,0.0,1.0,,,,,,,episode_id_aligned,diagnostic_only
per_class,video_vs_state_ctrl,D-A-F,STATE-CTRL,103,6,1.0,0.16666666666666666,0.8333333333333334,,,,,,,episode_id_aligned,diagnostic_only
per_class,video_vs_state_ctrl,D-A-F,STATE-CTRL,104,6,1.0,1.0,0.0,,,,,,,episode_id_aligned,diagnostic_only
per_class,video_vs_state_ctrl,D-A-F,STATE-CTRL,105,6,1.0,0.3333333333333333,0.6666666666666667,,,,,,,episode_id_aligned,diagnostic_only
per_class,video_vs_state_ctrl,D-A-F,STATE-CTRL,106,6,1.0,0.8333333333333334,0.16666666666666663,,,,,,,episode_id_aligned,diagnostic_only
per_class,video_vs_state_ctrl,D-A-F,STATE-CTRL,107,7,1.0,0.8571428571428571,0.1428571428571429,,,,,,,episode_id_aligned,diagnostic_only
per_class,video_vs_state_ctrl,D-A-F,STATE-CTRL,108,6,1.0,0.3333333333333333,0.6666666666666667,,,,,,,episode_id_aligned,diagnostic_only
per_class,video_vs_state_ctrl,D-A-F,STATE-CTRL,109,6,1.0,0.3333333333333333,0.6666666666666667,,,,,,,episode_id_aligned,diagnostic_only
per_class,video_vs_state_ctrl,D-A-F,STATE-CTRL,110,1,0.0,0.0,0.0,,,,,,,episode_id_aligned,diagnostic_only
per_class,video_vs_state_ctrl,D-A-F,STATE-CTRL,111,6,1.0,0.6666666666666666,0.33333333333333337,,,,,,,episode_id_aligned,diagnostic_only
per_class,video_vs_state_ctrl,D-A-F,STATE-CTRL,112,7,1.0,0.7142857142857143,0.2857142857142857,,,,,,,episode_id_aligned,diagnostic_only
per_class,video_vs_state_ctrl,D-A-F,STATE-CTRL,113,6,1.0,1.0,0.0,,,,,,,episode_id_aligned,diagnostic_only
per_class,video_vs_state_ctrl,D-A-F,STATE-CTRL,114,6,1.0,0.8333333333333334,0.16666666666666663,,,,,,,episode_id_aligned,diagnostic_only
per_class,video_vs_state_ctrl,D-A-F,STATE-CTRL,115,6,1.0,0.8333333333333334,0.16666666666666663,,,,,,,episode_id_aligned,diagnostic_only
per_class,video_vs_state_ctrl,D-A-F,STATE-CTRL,116,6,1.0,0.5,0.5,,,,,,,episode_id_aligned,diagnostic_only
per_class,video_vs_state_ctrl,D-A-F,STATE-CTRL,117,6,1.0,0.6666666666666666,0.33333333333333337,,,,,,,episode_id_aligned,diagnostic_only
per_class,video_vs_state_ctrl,D-A-F,STATE-CTRL,118,6,1.0,0.6666666666666666,0.33333333333333337,,,,,,,episode_id_aligned,diagnostic_only
per_class,video_vs_state_ctrl,D-A-F,STATE-CTRL,119,7,1.0,0.8571428571428571,0.1428571428571429,,,,,,,episode_id_aligned,diagnostic_only
aggregate,video_vs_state_ctrl,D-A-L,STATE-CTRL,,,,,,0.9384116693679092,0.6337115072933549,0.3047001620745543,0.8212797339113128,0.49080161407307993,0.3304781198382329,episode_id_aligned,diagnostic_only
per_class,video_vs_state_ctrl,D-A-L,STATE-CTRL,0,6,1.0,0.8333333333333334,0.16666666666666663,,,,,,,episode_id_aligned,diagnostic_only
per_class,video_vs_state_ctrl,D-A-L,STATE-CTRL,1,6,1.0,0.16666666666666666,0.8333333333333334,,,,,,,episode_id_aligned,diagnostic_only
per_class,video_vs_state_ctrl,D-A-L,STATE-CTRL,2,6,1.0,0.6666666666666666,0.33333333333333337,,,,,,,episode_id_aligned,diagnostic_only
per_class,video_vs_state_ctrl,D-A-L,STATE-CTRL,3,6,1.0,0.6666666666666666,0.33333333333333337,,,,,,,episode_id_aligned,diagnostic_only
per_class,video_vs_state_ctrl,D-A-L,STATE-CTRL,4,5,1.0,1.0,0.0,,,,,,,episode_id_aligned,diagnostic_only
per_class,video_vs_state_ctrl,D-A-L,STATE-CTRL,5,6,1.0,0.16666666666666666,0.8333333333333334,,,,,,,episode_id_aligned,diagnostic_only
per_class,video_vs_state_ctrl,D-A-L,STATE-CTRL,6,6,1.0,0.6666666666666666,0.33333333333333337,,,,,,,episode_id_aligned,diagnostic_only
per_class,video_vs_state_ctrl,D-A-L,STATE-CTRL,7,6,1.0,0.5,0.5,,,,,,,episode_id_aligned,diagnostic_only
per_class,video_vs_state_ctrl,D-A-L,STATE-CTRL,8,6,1.0,0.3333333333333333,0.6666666666666667,,,,,,,episode_id_aligned,diagnostic_only
per_class,video_vs_state_ctrl,D-A-L,STATE-CTRL,9,6,1.0,0.8333333333333334,0.16666666666666663,,,,,,,episode_id_aligned,diagnostic_only
per_class,video_vs_state_ctrl,D-A-L,STATE-CTRL,10,6,1.0,0.5,0.5,,,,,,,episode_id_aligned,diagnostic_only
per_class,video_vs_state_ctrl,D-A-L,STATE-CTRL,11,7,1.0,0.7142857142857143,0.2857142857142857,,,,,,,episode_id_aligned,diagnostic_only
per_class,video_vs_state_ctrl,D-A-L,STATE-CTRL,12,6,1.0,1.0,0.0,,,,,,,episode_id_aligned,diagnostic_only
per_class,video_vs_state_ctrl,D-A-L,STATE-CTRL,13,6,1.0,0.5,0.5,,,,,,,episode_id_aligned,diagnostic_only
per_class,video_vs_state_ctrl,D-A-L,STATE-CTRL,14,6,1.0,1.0,0.0,,,,,,,episode_id_aligned,diagnostic_only
per_class,video_vs_state_ctrl,D-A-L,STATE-CTRL,15,7,0.8571428571428571,0.7142857142857143,0.1428571428571428,,,,,,,episode_id_aligned,diagnostic_only
per_class,video_vs_state_ctrl,D-A-L,STATE-CTRL,16,7,1.0,0.8571428571428571,0.1428571428571429,,,,,,,episode_id_aligned,diagnostic_only
per_class,video_vs_state_ctrl,D-A-L,STATE-CTRL,17,6,1.0,0.3333333333333333,0.6666666666666667,,,,,,,episode_id_aligned,diagnostic_only
per_class,video_vs_state_ctrl,D-A-L,STATE-CTRL,18,6,1.0,0.6666666666666666,0.33333333333333337,,,,,,,episode_id_aligned,diagnostic_only
per_class,video_vs_state_ctrl,D-A-L,STATE-CTRL,19,6,1.0,0.8333333333333334,0.16666666666666663,,,,,,,episode_id_aligned,diagnostic_only
per_class,video_vs_state_ctrl,D-A-L,STATE-CTRL,20,6,1.0,0.5,0.5,,,,,,,episode_id_aligned,diagnostic_only
per_class,video_vs_state_ctrl,D-A-L,STATE-CTRL,21,6,1.0,0.6666666666666666,0.33333333333333337,,,,,,,episode_id_aligned,diagnostic_only
per_class,video_vs_state_ctrl,D-A-L,STATE-CTRL,22,6,1.0,0.5,0.5,,,,,,,episode_id_aligned,diagnostic_only
per_class,video_vs_state_ctrl,D-A-L,STATE-CTRL,23,6,1.0,1.0,0.0,,,,,,,episode_id_aligned,diagnostic_only
per_class,video_vs_state_ctrl,D-A-L,STATE-CTRL,24,6,1.0,0.0,1.0,,,,,,,episode_id_aligned,diagnostic_only
per_class,video_vs_state_ctrl,D-A-L,STATE-CTRL,25,6,1.0,0.8333333333333334,0.16666666666666663,,,,,,,episode_id_aligned,diagnostic_only
per_class,video_vs_state_ctrl,D-A-L,STATE-CTRL,26,6,1.0,1.0,0.0,,,,,,,episode_id_aligned,diagnostic_only
per_class,video_vs_state_ctrl,D-A-L,STATE-CTRL,27,6,1.0,1.0,0.0,,,,,,,episode_id_aligned,diagnostic_only
per_class,video_vs_state_ctrl,D-A-L,STATE-CTRL,28,11,1.0,1.0,0.0,,,,,,,episode_id_aligned,diagnostic_only
per_class,video_vs_state_ctrl,D-A-L,STATE-CTRL,29,12,1.0,1.0,0.0,,,,,,,episode_id_aligned,diagnostic_only
per_class,video_vs_state_ctrl,D-A-L,STATE-CTRL,30,6,1.0,0.6666666666666666,0.33333333333333337,,,,,,,episode_id_aligned,diagnostic_only
per_class,video_vs_state_ctrl,D-A-L,STATE-CTRL,31,6,1.0,0.8333333333333334,0.16666666666666663,,,,,,,episode_id_aligned,diagnostic_only
per_class,video_vs_state_ctrl,D-A-L,STATE-CTRL,32,6,1.0,0.5,0.5,,,,,,,episode_id_aligned,diagnostic_only
per_class,video_vs_state_ctrl,D-A-L,STATE-CTRL,33,6,1.0,0.3333333333333333,0.6666666666666667,,,,,,,episode_id_aligned,diagnostic_only
per_class,video_vs_state_ctrl,D-A-L,STATE-CTRL,34,6,1.0,0.8333333333333334,0.16666666666666663,,,,,,,episode_id_aligned,diagnostic_only
per_class,video_vs_state_ctrl,D-A-L,STATE-CTRL,35,6,1.0,0.6666666666666666,0.33333333333333337,,,,,,,episode_id_aligned,diagnostic_only
per_class,video_vs_state_ctrl,D-A-L,STATE-CTRL,36,6,1.0,0.5,0.5,,,,,,,episode_id_aligned,diagnostic_only
per_class,video_vs_state_ctrl,D-A-L,STATE-CTRL,37,6,1.0,1.0,0.0,,,,,,,episode_id_aligned,diagnostic_only
per_class,video_vs_state_ctrl,D-A-L,STATE-CTRL,38,6,1.0,1.0,0.0,,,,,,,episode_id_aligned,diagnostic_only
per_class,video_vs_state_ctrl,D-A-L,STATE-CTRL,39,12,1.0,0.9166666666666666,0.08333333333333337,,,,,,,episode_id_aligned,diagnostic_only
per_class,video_vs_state_ctrl,D-A-L,STATE-CTRL,40,6,1.0,0.8333333333333334,0.16666666666666663,,,,,,,episode_id_aligned,diagnostic_only
per_class,video_vs_state_ctrl,D-A-L,STATE-CTRL,41,6,1.0,0.8333333333333334,0.16666666666666663,,,,,,,episode_id_aligned,diagnostic_only
per_class,video_vs_state_ctrl,D-A-L,STATE-CTRL,42,6,1.0,0.5,0.5,,,,,,,episode_id_aligned,diagnostic_only
per_class,video_vs_state_ctrl,D-A-L,STATE-CTRL,43,6,1.0,0.16666666666666666,0.8333333333333334,,,,,,,episode_id_aligned,diagnostic_only
per_class,video_vs_state_ctrl,D-A-L,STATE-CTRL,44,7,1.0,0.0,1.0,,,,,,,episode_id_aligned,diagnostic_only
per_class,video_vs_state_ctrl,D-A-L,STATE-CTRL,45,6,1.0,0.6666666666666666,0.33333333333333337,,,,,,,episode_id_aligned,diagnostic_only
per_class,video_vs_state_ctrl,D-A-L,STATE-CTRL,46,6,1.0,1.0,0.0,,,,,,,episode_id_aligned,diagnostic_only
per_class,video_vs_state_ctrl,D-A-L,STATE-CTRL,47,6,1.0,1.0,0.0,,,,,,,episode_id_aligned,diagnostic_only
per_class,video_vs_state_ctrl,D-A-L,STATE-CTRL,48,6,1.0,1.0,0.0,,,,,,,episode_id_aligned,diagnostic_only
per_class,video_vs_state_ctrl,D-A-L,STATE-CTRL,49,6,1.0,0.5,0.5,,,,,,,episode_id_aligned,diagnostic_only
per_class,video_vs_state_ctrl,D-A-L,STATE-CTRL,50,5,1.0,1.0,0.0,,,,,,,episode_id_aligned,diagnostic_only
per_class,video_vs_state_ctrl,D-A-L,STATE-CTRL,51,6,1.0,0.8333333333333334,0.16666666666666663,,,,,,,episode_id_aligned,diagnostic_only
per_class,video_vs_state_ctrl,D-A-L,STATE-CTRL,52,6,1.0,1.0,0.0,,,,,,,episode_id_aligned,diagnostic_only
per_class,video_vs_state_ctrl,D-A-L,STATE-CTRL,53,6,1.0,0.6666666666666666,0.33333333333333337,,,,,,,episode_id_aligned,diagnostic_only
per_class,video_vs_state_ctrl,D-A-L,STATE-CTRL,54,6,1.0,0.8333333333333334,0.16666666666666663,,,,,,,episode_id_aligned,diagnostic_only
per_class,video_vs_state_ctrl,D-A-L,STATE-CTRL,55,6,1.0,0.8333333333333334,0.16666666666666663,,,,,,,episode_id_aligned,diagnostic_only
per_class,video_vs_state_ctrl,D-A-L,STATE-CTRL,56,6,1.0,0.8333333333333334,0.16666666666666663,,,,,,,episode_id_aligned,diagnostic_only
per_class,video_vs_state_ctrl,D-A-L,STATE-CTRL,57,6,1.0,0.3333333333333333,0.6666666666666667,,,,,,,episode_id_aligned,diagnostic_only
per_class,video_vs_state_ctrl,D-A-L,STATE-CTRL,58,6,1.0,0.6666666666666666,0.33333333333333337,,,,,,,episode_id_aligned,diagnostic_only
per_class,video_vs_state_ctrl,D-A-L,STATE-CTRL,59,6,1.0,0.8333333333333334,0.16666666666666663,,,,,,,episode_id_aligned,diagnostic_only
per_class,video_vs_state_ctrl,D-A-L,STATE-CTRL,60,6,1.0,0.5,0.5,,,,,,,episode_id_aligned,diagnostic_only
per_class,video_vs_state_ctrl,D-A-L,STATE-CTRL,61,1,0.0,0.0,0.0,,,,,,,episode_id_aligned,diagnostic_only
per_class,video_vs_state_ctrl,D-A-L,STATE-CTRL,62,1,0.0,0.0,0.0,,,,,,,episode_id_aligned,diagnostic_only
per_class,video_vs_state_ctrl,D-A-L,STATE-CTRL,63,1,0.0,0.0,0.0,,,,,,,episode_id_aligned,diagnostic_only
per_class,video_vs_state_ctrl,D-A-L,STATE-CTRL,64,1,0.0,0.0,0.0,,,,,,,episode_id_aligned,diagnostic_only
per_class,video_vs_state_ctrl,D-A-L,STATE-CTRL,65,1,0.0,0.0,0.0,,,,,,,episode_id_aligned,diagnostic_only
per_class,video_vs_state_ctrl,D-A-L,STATE-CTRL,66,1,0.0,0.0,0.0,,,,,,,episode_id_aligned,diagnostic_only
per_class,video_vs_state_ctrl,D-A-L,STATE-CTRL,67,1,0.0,0.0,0.0,,,,,,,episode_id_aligned,diagnostic_only
per_class,video_vs_state_ctrl,D-A-L,STATE-CTRL,68,1,1.0,0.0,1.0,,,,,,,episode_id_aligned,diagnostic_only
per_class,video_vs_state_ctrl,D-A-L,STATE-CTRL,69,1,1.0,0.0,1.0,,,,,,,episode_id_aligned,diagnostic_only
per_class,video_vs_state_ctrl,D-A-L,STATE-CTRL,70,1,1.0,0.0,1.0,,,,,,,episode_id_aligned,diagnostic_only
per_class,video_vs_state_ctrl,D-A-L,STATE-CTRL,71,1,1.0,0.0,1.0,,,,,,,episode_id_aligned,diagnostic_only
per_class,video_vs_state_ctrl,D-A-L,STATE-CTRL,72,1,1.0,0.0,1.0,,,,,,,episode_id_aligned,diagnostic_only
per_class,video_vs_state_ctrl,D-A-L,STATE-CTRL,73,6,1.0,0.6666666666666666,0.33333333333333337,,,,,,,episode_id_aligned,diagnostic_only
per_class,video_vs_state_ctrl,D-A-L,STATE-CTRL,74,6,1.0,0.16666666666666666,0.8333333333333334,,,,,,,episode_id_aligned,diagnostic_only
per_class,video_vs_state_ctrl,D-A-L,STATE-CTRL,75,6,1.0,0.0,1.0,,,,,,,episode_id_aligned,diagnostic_only
per_class,video_vs_state_ctrl,D-A-L,STATE-CTRL,76,6,0.8333333333333334,0.6666666666666666,0.16666666666666674,,,,,,,episode_id_aligned,diagnostic_only
per_class,video_vs_state_ctrl,D-A-L,STATE-CTRL,77,6,0.3333333333333333,0.16666666666666666,0.16666666666666666,,,,,,,episode_id_aligned,diagnostic_only
per_class,video_vs_state_ctrl,D-A-L,STATE-CTRL,78,6,1.0,0.3333333333333333,0.6666666666666667,,,,,,,episode_id_aligned,diagnostic_only
per_class,video_vs_state_ctrl,D-A-L,STATE-CTRL,79,6,0.6666666666666666,0.0,0.6666666666666666,,,,,,,episode_id_aligned,diagnostic_only
per_class,video_vs_state_ctrl,D-A-L,STATE-CTRL,80,6,0.5,0.0,0.5,,,,,,,episode_id_aligned,diagnostic_only
per_class,video_vs_state_ctrl,D-A-L,STATE-CTRL,81,6,1.0,1.0,0.0,,,,,,,episode_id_aligned,diagnostic_only
per_class,video_vs_state_ctrl,D-A-L,STATE-CTRL,82,6,1.0,0.8333333333333334,0.16666666666666663,,,,,,,episode_id_aligned,diagnostic_only
per_class,video_vs_state_ctrl,D-A-L,STATE-CTRL,83,6,0.6666666666666666,0.5,0.16666666666666663,,,,,,,episode_id_aligned,diagnostic_only
per_class,video_vs_state_ctrl,D-A-L,STATE-CTRL,84,6,0.3333333333333333,0.8333333333333334,-0.5,,,,,,,episode_id_aligned,diagnostic_only
per_class,video_vs_state_ctrl,D-A-L,STATE-CTRL,85,6,1.0,0.3333333333333333,0.6666666666666667,,,,,,,episode_id_aligned,diagnostic_only
per_class,video_vs_state_ctrl,D-A-L,STATE-CTRL,86,6,0.8333333333333334,0.8333333333333334,0.0,,,,,,,episode_id_aligned,diagnostic_only
per_class,video_vs_state_ctrl,D-A-L,STATE-CTRL,87,6,1.0,0.0,1.0,,,,,,,episode_id_aligned,diagnostic_only
per_class,video_vs_state_ctrl,D-A-L,STATE-CTRL,88,6,0.16666666666666666,0.8333333333333334,-0.6666666666666667,,,,,,,episode_id_aligned,diagnostic_only
per_class,video_vs_state_ctrl,D-A-L,STATE-CTRL,89,6,1.0,1.0,0.0,,,,,,,episode_id_aligned,diagnostic_only
per_class,video_vs_state_ctrl,D-A-L,STATE-CTRL,90,6,1.0,0.6666666666666666,0.33333333333333337,,,,,,,episode_id_aligned,diagnostic_only
per_class,video_vs_state_ctrl,D-A-L,STATE-CTRL,91,1,1.0,0.0,1.0,,,,,,,episode_id_aligned,diagnostic_only
per_class,video_vs_state_ctrl,D-A-L,STATE-CTRL,92,1,1.0,0.0,1.0,,,,,,,episode_id_aligned,diagnostic_only
per_class,video_vs_state_ctrl,D-A-L,STATE-CTRL,93,1,0.0,0.0,0.0,,,,,,,episode_id_aligned,diagnostic_only
per_class,video_vs_state_ctrl,D-A-L,STATE-CTRL,94,1,0.0,0.0,0.0,,,,,,,episode_id_aligned,diagnostic_only
per_class,video_vs_state_ctrl,D-A-L,STATE-CTRL,95,1,1.0,0.0,1.0,,,,,,,episode_id_aligned,diagnostic_only
per_class,video_vs_state_ctrl,D-A-L,STATE-CTRL,96,1,0.0,0.0,0.0,,,,,,,episode_id_aligned,diagnostic_only
per_class,video_vs_state_ctrl,D-A-L,STATE-CTRL,97,1,0.0,0.0,0.0,,,,,,,episode_id_aligned,diagnostic_only
per_class,video_vs_state_ctrl,D-A-L,STATE-CTRL,98,1,0.0,0.0,0.0,,,,,,,episode_id_aligned,diagnostic_only
per_class,video_vs_state_ctrl,D-A-L,STATE-CTRL,99,1,0.0,0.0,0.0,,,,,,,episode_id_aligned,diagnostic_only
per_class,video_vs_state_ctrl,D-A-L,STATE-CTRL,100,1,1.0,0.0,1.0,,,,,,,episode_id_aligned,diagnostic_only
per_class,video_vs_state_ctrl,D-A-L,STATE-CTRL,101,1,0.0,0.0,0.0,,,,,,,episode_id_aligned,diagnostic_only
per_class,video_vs_state_ctrl,D-A-L,STATE-CTRL,102,1,1.0,0.0,1.0,,,,,,,episode_id_aligned,diagnostic_only
per_class,video_vs_state_ctrl,D-A-L,STATE-CTRL,103,6,1.0,0.16666666666666666,0.8333333333333334,,,,,,,episode_id_aligned,diagnostic_only
per_class,video_vs_state_ctrl,D-A-L,STATE-CTRL,104,6,1.0,1.0,0.0,,,,,,,episode_id_aligned,diagnostic_only
per_class,video_vs_state_ctrl,D-A-L,STATE-CTRL,105,6,1.0,0.3333333333333333,0.6666666666666667,,,,,,,episode_id_aligned,diagnostic_only
per_class,video_vs_state_ctrl,D-A-L,STATE-CTRL,106,6,1.0,0.8333333333333334,0.16666666666666663,,,,,,,episode_id_aligned,diagnostic_only
per_class,video_vs_state_ctrl,D-A-L,STATE-CTRL,107,7,1.0,0.8571428571428571,0.1428571428571429,,,,,,,episode_id_aligned,diagnostic_only
per_class,video_vs_state_ctrl,D-A-L,STATE-CTRL,108,6,1.0,0.3333333333333333,0.6666666666666667,,,,,,,episode_id_aligned,diagnostic_only
per_class,video_vs_state_ctrl,D-A-L,STATE-CTRL,109,6,1.0,0.3333333333333333,0.6666666666666667,,,,,,,episode_id_aligned,diagnostic_only
per_class,video_vs_state_ctrl,D-A-L,STATE-CTRL,110,1,0.0,0.0,0.0,,,,,,,episode_id_aligned,diagnostic_only
per_class,video_vs_state_ctrl,D-A-L,STATE-CTRL,111,6,1.0,0.6666666666666666,0.33333333333333337,,,,,,,episode_id_aligned,diagnostic_only
per_class,video_vs_state_ctrl,D-A-L,STATE-CTRL,112,7,1.0,0.7142857142857143,0.2857142857142857,,,,,,,episode_id_aligned,diagnostic_only
per_class,video_vs_state_ctrl,D-A-L,STATE-CTRL,113,6,1.0,1.0,0.0,,,,,,,episode_id_aligned,diagnostic_only
per_class,video_vs_state_ctrl,D-A-L,STATE-CTRL,114,6,1.0,0.8333333333333334,0.16666666666666663,,,,,,,episode_id_aligned,diagnostic_only
per_class,video_vs_state_ctrl,D-A-L,STATE-CTRL,115,6,1.0,0.8333333333333334,0.16666666666666663,,,,,,,episode_id_aligned,diagnostic_only
per_class,video_vs_state_ctrl,D-A-L,STATE-CTRL,116,6,1.0,0.5,0.5,,,,,,,episode_id_aligned,diagnostic_only
per_class,video_vs_state_ctrl,D-A-L,STATE-CTRL,117,6,1.0,0.6666666666666666,0.33333333333333337,,,,,,,episode_id_aligned,diagnostic_only
per_class,video_vs_state_ctrl,D-A-L,STATE-CTRL,118,6,1.0,0.6666666666666666,0.33333333333333337,,,,,,,episode_id_aligned,diagnostic_only
per_class,video_vs_state_ctrl,D-A-L,STATE-CTRL,119,7,1.0,0.8571428571428571,0.1428571428571429,,,,,,,episode_id_aligned,diagnostic_only
aggregate,video_vs_state_ctrl,S-P-F,STATE-CTRL,,,,,,0.9497568881685575,0.6337115072933549,0.3160453808752026,0.910348309098309,0.49080161407307993,0.41954669502522907,episode_id_aligned,diagnostic_only
per_class,video_vs_state_ctrl,S-P-F,STATE-CTRL,0,6,1.0,0.8333333333333334,0.16666666666666663,,,,,,,episode_id_aligned,diagnostic_only
per_class,video_vs_state_ctrl,S-P-F,STATE-CTRL,1,6,1.0,0.16666666666666666,0.8333333333333334,,,,,,,episode_id_aligned,diagnostic_only
per_class,video_vs_state_ctrl,S-P-F,STATE-CTRL,2,6,1.0,0.6666666666666666,0.33333333333333337,,,,,,,episode_id_aligned,diagnostic_only
per_class,video_vs_state_ctrl,S-P-F,STATE-CTRL,3,6,1.0,0.6666666666666666,0.33333333333333337,,,,,,,episode_id_aligned,diagnostic_only
per_class,video_vs_state_ctrl,S-P-F,STATE-CTRL,4,5,1.0,1.0,0.0,,,,,,,episode_id_aligned,diagnostic_only
per_class,video_vs_state_ctrl,S-P-F,STATE-CTRL,5,6,1.0,0.16666666666666666,0.8333333333333334,,,,,,,episode_id_aligned,diagnostic_only
per_class,video_vs_state_ctrl,S-P-F,STATE-CTRL,6,6,1.0,0.6666666666666666,0.33333333333333337,,,,,,,episode_id_aligned,diagnostic_only
per_class,video_vs_state_ctrl,S-P-F,STATE-CTRL,7,6,0.8333333333333334,0.5,0.33333333333333337,,,,,,,episode_id_aligned,diagnostic_only
per_class,video_vs_state_ctrl,S-P-F,STATE-CTRL,8,6,1.0,0.3333333333333333,0.6666666666666667,,,,,,,episode_id_aligned,diagnostic_only
per_class,video_vs_state_ctrl,S-P-F,STATE-CTRL,9,6,1.0,0.8333333333333334,0.16666666666666663,,,,,,,episode_id_aligned,diagnostic_only
per_class,video_vs_state_ctrl,S-P-F,STATE-CTRL,10,6,1.0,0.5,0.5,,,,,,,episode_id_aligned,diagnostic_only
per_class,video_vs_state_ctrl,S-P-F,STATE-CTRL,11,7,1.0,0.7142857142857143,0.2857142857142857,,,,,,,episode_id_aligned,diagnostic_only
per_class,video_vs_state_ctrl,S-P-F,STATE-CTRL,12,6,1.0,1.0,0.0,,,,,,,episode_id_aligned,diagnostic_only
per_class,video_vs_state_ctrl,S-P-F,STATE-CTRL,13,6,1.0,0.5,0.5,,,,,,,episode_id_aligned,diagnostic_only
per_class,video_vs_state_ctrl,S-P-F,STATE-CTRL,14,6,1.0,1.0,0.0,,,,,,,episode_id_aligned,diagnostic_only
per_class,video_vs_state_ctrl,S-P-F,STATE-CTRL,15,7,1.0,0.7142857142857143,0.2857142857142857,,,,,,,episode_id_aligned,diagnostic_only
per_class,video_vs_state_ctrl,S-P-F,STATE-CTRL,16,7,1.0,0.8571428571428571,0.1428571428571429,,,,,,,episode_id_aligned,diagnostic_only
per_class,video_vs_state_ctrl,S-P-F,STATE-CTRL,17,6,1.0,0.3333333333333333,0.6666666666666667,,,,,,,episode_id_aligned,diagnostic_only
per_class,video_vs_state_ctrl,S-P-F,STATE-CTRL,18,6,1.0,0.6666666666666666,0.33333333333333337,,,,,,,episode_id_aligned,diagnostic_only
per_class,video_vs_state_ctrl,S-P-F,STATE-CTRL,19,6,1.0,0.8333333333333334,0.16666666666666663,,,,,,,episode_id_aligned,diagnostic_only
per_class,video_vs_state_ctrl,S-P-F,STATE-CTRL,20,6,1.0,0.5,0.5,,,,,,,episode_id_aligned,diagnostic_only
per_class,video_vs_state_ctrl,S-P-F,STATE-CTRL,21,6,1.0,0.6666666666666666,0.33333333333333337,,,,,,,episode_id_aligned,diagnostic_only
per_class,video_vs_state_ctrl,S-P-F,STATE-CTRL,22,6,1.0,0.5,0.5,,,,,,,episode_id_aligned,diagnostic_only
per_class,video_vs_state_ctrl,S-P-F,STATE-CTRL,23,6,1.0,1.0,0.0,,,,,,,episode_id_aligned,diagnostic_only
per_class,video_vs_state_ctrl,S-P-F,STATE-CTRL,24,6,1.0,0.0,1.0,,,,,,,episode_id_aligned,diagnostic_only
per_class,video_vs_state_ctrl,S-P-F,STATE-CTRL,25,6,1.0,0.8333333333333334,0.16666666666666663,,,,,,,episode_id_aligned,diagnostic_only
per_class,video_vs_state_ctrl,S-P-F,STATE-CTRL,26,6,1.0,1.0,0.0,,,,,,,episode_id_aligned,diagnostic_only
per_class,video_vs_state_ctrl,S-P-F,STATE-CTRL,27,6,1.0,1.0,0.0,,,,,,,episode_id_aligned,diagnostic_only
per_class,video_vs_state_ctrl,S-P-F,STATE-CTRL,28,11,1.0,1.0,0.0,,,,,,,episode_id_aligned,diagnostic_only
per_class,video_vs_state_ctrl,S-P-F,STATE-CTRL,29,12,1.0,1.0,0.0,,,,,,,episode_id_aligned,diagnostic_only
per_class,video_vs_state_ctrl,S-P-F,STATE-CTRL,30,6,1.0,0.6666666666666666,0.33333333333333337,,,,,,,episode_id_aligned,diagnostic_only
per_class,video_vs_state_ctrl,S-P-F,STATE-CTRL,31,6,1.0,0.8333333333333334,0.16666666666666663,,,,,,,episode_id_aligned,diagnostic_only
per_class,video_vs_state_ctrl,S-P-F,STATE-CTRL,32,6,1.0,0.5,0.5,,,,,,,episode_id_aligned,diagnostic_only
per_class,video_vs_state_ctrl,S-P-F,STATE-CTRL,33,6,1.0,0.3333333333333333,0.6666666666666667,,,,,,,episode_id_aligned,diagnostic_only
per_class,video_vs_state_ctrl,S-P-F,STATE-CTRL,34,6,1.0,0.8333333333333334,0.16666666666666663,,,,,,,episode_id_aligned,diagnostic_only
per_class,video_vs_state_ctrl,S-P-F,STATE-CTRL,35,6,1.0,0.6666666666666666,0.33333333333333337,,,,,,,episode_id_aligned,diagnostic_only
per_class,video_vs_state_ctrl,S-P-F,STATE-CTRL,36,6,1.0,0.5,0.5,,,,,,,episode_id_aligned,diagnostic_only
per_class,video_vs_state_ctrl,S-P-F,STATE-CTRL,37,6,1.0,1.0,0.0,,,,,,,episode_id_aligned,diagnostic_only
per_class,video_vs_state_ctrl,S-P-F,STATE-CTRL,38,6,1.0,1.0,0.0,,,,,,,episode_id_aligned,diagnostic_only
per_class,video_vs_state_ctrl,S-P-F,STATE-CTRL,39,12,1.0,0.9166666666666666,0.08333333333333337,,,,,,,episode_id_aligned,diagnostic_only
per_class,video_vs_state_ctrl,S-P-F,STATE-CTRL,40,6,1.0,0.8333333333333334,0.16666666666666663,,,,,,,episode_id_aligned,diagnostic_only
per_class,video_vs_state_ctrl,S-P-F,STATE-CTRL,41,6,1.0,0.8333333333333334,0.16666666666666663,,,,,,,episode_id_aligned,diagnostic_only
per_class,video_vs_state_ctrl,S-P-F,STATE-CTRL,42,6,1.0,0.5,0.5,,,,,,,episode_id_aligned,diagnostic_only
per_class,video_vs_state_ctrl,S-P-F,STATE-CTRL,43,6,1.0,0.16666666666666666,0.8333333333333334,,,,,,,episode_id_aligned,diagnostic_only
per_class,video_vs_state_ctrl,S-P-F,STATE-CTRL,44,7,1.0,0.0,1.0,,,,,,,episode_id_aligned,diagnostic_only
per_class,video_vs_state_ctrl,S-P-F,STATE-CTRL,45,6,1.0,0.6666666666666666,0.33333333333333337,,,,,,,episode_id_aligned,diagnostic_only
per_class,video_vs_state_ctrl,S-P-F,STATE-CTRL,46,6,1.0,1.0,0.0,,,,,,,episode_id_aligned,diagnostic_only
per_class,video_vs_state_ctrl,S-P-F,STATE-CTRL,47,6,1.0,1.0,0.0,,,,,,,episode_id_aligned,diagnostic_only
per_class,video_vs_state_ctrl,S-P-F,STATE-CTRL,48,6,1.0,1.0,0.0,,,,,,,episode_id_aligned,diagnostic_only
per_class,video_vs_state_ctrl,S-P-F,STATE-CTRL,49,6,1.0,0.5,0.5,,,,,,,episode_id_aligned,diagnostic_only
per_class,video_vs_state_ctrl,S-P-F,STATE-CTRL,50,5,1.0,1.0,0.0,,,,,,,episode_id_aligned,diagnostic_only
per_class,video_vs_state_ctrl,S-P-F,STATE-CTRL,51,6,1.0,0.8333333333333334,0.16666666666666663,,,,,,,episode_id_aligned,diagnostic_only
per_class,video_vs_state_ctrl,S-P-F,STATE-CTRL,52,6,1.0,1.0,0.0,,,,,,,episode_id_aligned,diagnostic_only
per_class,video_vs_state_ctrl,S-P-F,STATE-CTRL,53,6,1.0,0.6666666666666666,0.33333333333333337,,,,,,,episode_id_aligned,diagnostic_only
per_class,video_vs_state_ctrl,S-P-F,STATE-CTRL,54,6,1.0,0.8333333333333334,0.16666666666666663,,,,,,,episode_id_aligned,diagnostic_only
per_class,video_vs_state_ctrl,S-P-F,STATE-CTRL,55,6,1.0,0.8333333333333334,0.16666666666666663,,,,,,,episode_id_aligned,diagnostic_only
per_class,video_vs_state_ctrl,S-P-F,STATE-CTRL,56,6,1.0,0.8333333333333334,0.16666666666666663,,,,,,,episode_id_aligned,diagnostic_only
per_class,video_vs_state_ctrl,S-P-F,STATE-CTRL,57,6,1.0,0.3333333333333333,0.6666666666666667,,,,,,,episode_id_aligned,diagnostic_only
per_class,video_vs_state_ctrl,S-P-F,STATE-CTRL,58,6,1.0,0.6666666666666666,0.33333333333333337,,,,,,,episode_id_aligned,diagnostic_only
per_class,video_vs_state_ctrl,S-P-F,STATE-CTRL,59,6,1.0,0.8333333333333334,0.16666666666666663,,,,,,,episode_id_aligned,diagnostic_only
per_class,video_vs_state_ctrl,S-P-F,STATE-CTRL,60,6,1.0,0.5,0.5,,,,,,,episode_id_aligned,diagnostic_only
per_class,video_vs_state_ctrl,S-P-F,STATE-CTRL,61,1,1.0,0.0,1.0,,,,,,,episode_id_aligned,diagnostic_only
per_class,video_vs_state_ctrl,S-P-F,STATE-CTRL,62,1,1.0,0.0,1.0,,,,,,,episode_id_aligned,diagnostic_only
per_class,video_vs_state_ctrl,S-P-F,STATE-CTRL,63,1,1.0,0.0,1.0,,,,,,,episode_id_aligned,diagnostic_only
per_class,video_vs_state_ctrl,S-P-F,STATE-CTRL,64,1,1.0,0.0,1.0,,,,,,,episode_id_aligned,diagnostic_only
per_class,video_vs_state_ctrl,S-P-F,STATE-CTRL,65,1,1.0,0.0,1.0,,,,,,,episode_id_aligned,diagnostic_only
per_class,video_vs_state_ctrl,S-P-F,STATE-CTRL,66,1,1.0,0.0,1.0,,,,,,,episode_id_aligned,diagnostic_only
per_class,video_vs_state_ctrl,S-P-F,STATE-CTRL,67,1,0.0,0.0,0.0,,,,,,,episode_id_aligned,diagnostic_only
per_class,video_vs_state_ctrl,S-P-F,STATE-CTRL,68,1,1.0,0.0,1.0,,,,,,,episode_id_aligned,diagnostic_only
per_class,video_vs_state_ctrl,S-P-F,STATE-CTRL,69,1,1.0,0.0,1.0,,,,,,,episode_id_aligned,diagnostic_only
per_class,video_vs_state_ctrl,S-P-F,STATE-CTRL,70,1,1.0,0.0,1.0,,,,,,,episode_id_aligned,diagnostic_only
per_class,video_vs_state_ctrl,S-P-F,STATE-CTRL,71,1,1.0,0.0,1.0,,,,,,,episode_id_aligned,diagnostic_only
per_class,video_vs_state_ctrl,S-P-F,STATE-CTRL,72,1,1.0,0.0,1.0,,,,,,,episode_id_aligned,diagnostic_only
per_class,video_vs_state_ctrl,S-P-F,STATE-CTRL,73,6,1.0,0.6666666666666666,0.33333333333333337,,,,,,,episode_id_aligned,diagnostic_only
per_class,video_vs_state_ctrl,S-P-F,STATE-CTRL,74,6,0.8333333333333334,0.16666666666666666,0.6666666666666667,,,,,,,episode_id_aligned,diagnostic_only
per_class,video_vs_state_ctrl,S-P-F,STATE-CTRL,75,6,0.8333333333333334,0.0,0.8333333333333334,,,,,,,episode_id_aligned,diagnostic_only
per_class,video_vs_state_ctrl,S-P-F,STATE-CTRL,76,6,1.0,0.6666666666666666,0.33333333333333337,,,,,,,episode_id_aligned,diagnostic_only
per_class,video_vs_state_ctrl,S-P-F,STATE-CTRL,77,6,0.5,0.16666666666666666,0.33333333333333337,,,,,,,episode_id_aligned,diagnostic_only
per_class,video_vs_state_ctrl,S-P-F,STATE-CTRL,78,6,1.0,0.3333333333333333,0.6666666666666667,,,,,,,episode_id_aligned,diagnostic_only
per_class,video_vs_state_ctrl,S-P-F,STATE-CTRL,79,6,0.8333333333333334,0.0,0.8333333333333334,,,,,,,episode_id_aligned,diagnostic_only
per_class,video_vs_state_ctrl,S-P-F,STATE-CTRL,80,6,0.3333333333333333,0.0,0.3333333333333333,,,,,,,episode_id_aligned,diagnostic_only
per_class,video_vs_state_ctrl,S-P-F,STATE-CTRL,81,6,1.0,1.0,0.0,,,,,,,episode_id_aligned,diagnostic_only
per_class,video_vs_state_ctrl,S-P-F,STATE-CTRL,82,6,0.6666666666666666,0.8333333333333334,-0.16666666666666674,,,,,,,episode_id_aligned,diagnostic_only
per_class,video_vs_state_ctrl,S-P-F,STATE-CTRL,83,6,1.0,0.5,0.5,,,,,,,episode_id_aligned,diagnostic_only
per_class,video_vs_state_ctrl,S-P-F,STATE-CTRL,84,6,0.5,0.8333333333333334,-0.33333333333333337,,,,,,,episode_id_aligned,diagnostic_only
per_class,video_vs_state_ctrl,S-P-F,STATE-CTRL,85,6,0.6666666666666666,0.3333333333333333,0.3333333333333333,,,,,,,episode_id_aligned,diagnostic_only
per_class,video_vs_state_ctrl,S-P-F,STATE-CTRL,86,6,0.5,0.8333333333333334,-0.33333333333333337,,,,,,,episode_id_aligned,diagnostic_only
per_class,video_vs_state_ctrl,S-P-F,STATE-CTRL,87,6,0.5,0.0,0.5,,,,,,,episode_id_aligned,diagnostic_only
per_class,video_vs_state_ctrl,S-P-F,STATE-CTRL,88,6,0.8333333333333334,0.8333333333333334,0.0,,,,,,,episode_id_aligned,diagnostic_only
per_class,video_vs_state_ctrl,S-P-F,STATE-CTRL,89,6,1.0,1.0,0.0,,,,,,,episode_id_aligned,diagnostic_only
per_class,video_vs_state_ctrl,S-P-F,STATE-CTRL,90,6,1.0,0.6666666666666666,0.33333333333333337,,,,,,,episode_id_aligned,diagnostic_only
per_class,video_vs_state_ctrl,S-P-F,STATE-CTRL,91,1,0.0,0.0,0.0,,,,,,,episode_id_aligned,diagnostic_only
per_class,video_vs_state_ctrl,S-P-F,STATE-CTRL,92,1,1.0,0.0,1.0,,,,,,,episode_id_aligned,diagnostic_only
per_class,video_vs_state_ctrl,S-P-F,STATE-CTRL,93,1,1.0,0.0,1.0,,,,,,,episode_id_aligned,diagnostic_only
per_class,video_vs_state_ctrl,S-P-F,STATE-CTRL,94,1,0.0,0.0,0.0,,,,,,,episode_id_aligned,diagnostic_only
per_class,video_vs_state_ctrl,S-P-F,STATE-CTRL,95,1,1.0,0.0,1.0,,,,,,,episode_id_aligned,diagnostic_only
per_class,video_vs_state_ctrl,S-P-F,STATE-CTRL,96,1,1.0,0.0,1.0,,,,,,,episode_id_aligned,diagnostic_only
per_class,video_vs_state_ctrl,S-P-F,STATE-CTRL,97,1,0.0,0.0,0.0,,,,,,,episode_id_aligned,diagnostic_only
per_class,video_vs_state_ctrl,S-P-F,STATE-CTRL,98,1,1.0,0.0,1.0,,,,,,,episode_id_aligned,diagnostic_only
per_class,video_vs_state_ctrl,S-P-F,STATE-CTRL,99,1,1.0,0.0,1.0,,,,,,,episode_id_aligned,diagnostic_only
per_class,video_vs_state_ctrl,S-P-F,STATE-CTRL,100,1,1.0,0.0,1.0,,,,,,,episode_id_aligned,diagnostic_only
per_class,video_vs_state_ctrl,S-P-F,STATE-CTRL,101,1,0.0,0.0,0.0,,,,,,,episode_id_aligned,diagnostic_only
per_class,video_vs_state_ctrl,S-P-F,STATE-CTRL,102,1,0.0,0.0,0.0,,,,,,,episode_id_aligned,diagnostic_only
per_class,video_vs_state_ctrl,S-P-F,STATE-CTRL,103,6,1.0,0.16666666666666666,0.8333333333333334,,,,,,,episode_id_aligned,diagnostic_only
per_class,video_vs_state_ctrl,S-P-F,STATE-CTRL,104,6,1.0,1.0,0.0,,,,,,,episode_id_aligned,diagnostic_only
per_class,video_vs_state_ctrl,S-P-F,STATE-CTRL,105,6,1.0,0.3333333333333333,0.6666666666666667,,,,,,,episode_id_aligned,diagnostic_only
per_class,video_vs_state_ctrl,S-P-F,STATE-CTRL,106,6,1.0,0.8333333333333334,0.16666666666666663,,,,,,,episode_id_aligned,diagnostic_only
per_class,video_vs_state_ctrl,S-P-F,STATE-CTRL,107,7,1.0,0.8571428571428571,0.1428571428571429,,,,,,,episode_id_aligned,diagnostic_only
per_class,video_vs_state_ctrl,S-P-F,STATE-CTRL,108,6,1.0,0.3333333333333333,0.6666666666666667,,,,,,,episode_id_aligned,diagnostic_only
per_class,video_vs_state_ctrl,S-P-F,STATE-CTRL,109,6,1.0,0.3333333333333333,0.6666666666666667,,,,,,,episode_id_aligned,diagnostic_only
per_class,video_vs_state_ctrl,S-P-F,STATE-CTRL,110,1,1.0,0.0,1.0,,,,,,,episode_id_aligned,diagnostic_only
per_class,video_vs_state_ctrl,S-P-F,STATE-CTRL,111,6,1.0,0.6666666666666666,0.33333333333333337,,,,,,,episode_id_aligned,diagnostic_only
per_class,video_vs_state_ctrl,S-P-F,STATE-CTRL,112,7,1.0,0.7142857142857143,0.2857142857142857,,,,,,,episode_id_aligned,diagnostic_only
per_class,video_vs_state_ctrl,S-P-F,STATE-CTRL,113,6,1.0,1.0,0.0,,,,,,,episode_id_aligned,diagnostic_only
per_class,video_vs_state_ctrl,S-P-F,STATE-CTRL,114,6,1.0,0.8333333333333334,0.16666666666666663,,,,,,,episode_id_aligned,diagnostic_only
per_class,video_vs_state_ctrl,S-P-F,STATE-CTRL,115,6,1.0,0.8333333333333334,0.16666666666666663,,,,,,,episode_id_aligned,diagnostic_only
per_class,video_vs_state_ctrl,S-P-F,STATE-CTRL,116,6,1.0,0.5,0.5,,,,,,,episode_id_aligned,diagnostic_only
per_class,video_vs_state_ctrl,S-P-F,STATE-CTRL,117,6,1.0,0.6666666666666666,0.33333333333333337,,,,,,,episode_id_aligned,diagnostic_only
per_class,video_vs_state_ctrl,S-P-F,STATE-CTRL,118,6,1.0,0.6666666666666666,0.33333333333333337,,,,,,,episode_id_aligned,diagnostic_only
per_class,video_vs_state_ctrl,S-P-F,STATE-CTRL,119,7,1.0,0.8571428571428571,0.1428571428571429,,,,,,,episode_id_aligned,diagnostic_only
aggregate,video_vs_state_ctrl,S-P-L,STATE-CTRL,,,,,,0.9708265802269044,0.6337115072933549,0.3371150729335495,0.9299209124209126,0.49080161407307993,0.43911929834783264,episode_id_aligned,diagnostic_only
per_class,video_vs_state_ctrl,S-P-L,STATE-CTRL,0,6,1.0,0.8333333333333334,0.16666666666666663,,,,,,,episode_id_aligned,diagnostic_only
per_class,video_vs_state_ctrl,S-P-L,STATE-CTRL,1,6,1.0,0.16666666666666666,0.8333333333333334,,,,,,,episode_id_aligned,diagnostic_only
per_class,video_vs_state_ctrl,S-P-L,STATE-CTRL,2,6,1.0,0.6666666666666666,0.33333333333333337,,,,,,,episode_id_aligned,diagnostic_only
per_class,video_vs_state_ctrl,S-P-L,STATE-CTRL,3,6,1.0,0.6666666666666666,0.33333333333333337,,,,,,,episode_id_aligned,diagnostic_only
per_class,video_vs_state_ctrl,S-P-L,STATE-CTRL,4,5,1.0,1.0,0.0,,,,,,,episode_id_aligned,diagnostic_only
per_class,video_vs_state_ctrl,S-P-L,STATE-CTRL,5,6,1.0,0.16666666666666666,0.8333333333333334,,,,,,,episode_id_aligned,diagnostic_only
per_class,video_vs_state_ctrl,S-P-L,STATE-CTRL,6,6,1.0,0.6666666666666666,0.33333333333333337,,,,,,,episode_id_aligned,diagnostic_only
per_class,video_vs_state_ctrl,S-P-L,STATE-CTRL,7,6,0.8333333333333334,0.5,0.33333333333333337,,,,,,,episode_id_aligned,diagnostic_only
per_class,video_vs_state_ctrl,S-P-L,STATE-CTRL,8,6,1.0,0.3333333333333333,0.6666666666666667,,,,,,,episode_id_aligned,diagnostic_only
per_class,video_vs_state_ctrl,S-P-L,STATE-CTRL,9,6,1.0,0.8333333333333334,0.16666666666666663,,,,,,,episode_id_aligned,diagnostic_only
per_class,video_vs_state_ctrl,S-P-L,STATE-CTRL,10,6,1.0,0.5,0.5,,,,,,,episode_id_aligned,diagnostic_only
per_class,video_vs_state_ctrl,S-P-L,STATE-CTRL,11,7,1.0,0.7142857142857143,0.2857142857142857,,,,,,,episode_id_aligned,diagnostic_only
per_class,video_vs_state_ctrl,S-P-L,STATE-CTRL,12,6,1.0,1.0,0.0,,,,,,,episode_id_aligned,diagnostic_only
per_class,video_vs_state_ctrl,S-P-L,STATE-CTRL,13,6,1.0,0.5,0.5,,,,,,,episode_id_aligned,diagnostic_only
per_class,video_vs_state_ctrl,S-P-L,STATE-CTRL,14,6,1.0,1.0,0.0,,,,,,,episode_id_aligned,diagnostic_only
per_class,video_vs_state_ctrl,S-P-L,STATE-CTRL,15,7,1.0,0.7142857142857143,0.2857142857142857,,,,,,,episode_id_aligned,diagnostic_only
per_class,video_vs_state_ctrl,S-P-L,STATE-CTRL,16,7,1.0,0.8571428571428571,0.1428571428571429,,,,,,,episode_id_aligned,diagnostic_only
per_class,video_vs_state_ctrl,S-P-L,STATE-CTRL,17,6,1.0,0.3333333333333333,0.6666666666666667,,,,,,,episode_id_aligned,diagnostic_only
per_class,video_vs_state_ctrl,S-P-L,STATE-CTRL,18,6,1.0,0.6666666666666666,0.33333333333333337,,,,,,,episode_id_aligned,diagnostic_only
per_class,video_vs_state_ctrl,S-P-L,STATE-CTRL,19,6,1.0,0.8333333333333334,0.16666666666666663,,,,,,,episode_id_aligned,diagnostic_only
per_class,video_vs_state_ctrl,S-P-L,STATE-CTRL,20,6,1.0,0.5,0.5,,,,,,,episode_id_aligned,diagnostic_only
per_class,video_vs_state_ctrl,S-P-L,STATE-CTRL,21,6,1.0,0.6666666666666666,0.33333333333333337,,,,,,,episode_id_aligned,diagnostic_only
per_class,video_vs_state_ctrl,S-P-L,STATE-CTRL,22,6,1.0,0.5,0.5,,,,,,,episode_id_aligned,diagnostic_only
per_class,video_vs_state_ctrl,S-P-L,STATE-CTRL,23,6,1.0,1.0,0.0,,,,,,,episode_id_aligned,diagnostic_only
per_class,video_vs_state_ctrl,S-P-L,STATE-CTRL,24,6,1.0,0.0,1.0,,,,,,,episode_id_aligned,diagnostic_only
per_class,video_vs_state_ctrl,S-P-L,STATE-CTRL,25,6,1.0,0.8333333333333334,0.16666666666666663,,,,,,,episode_id_aligned,diagnostic_only
per_class,video_vs_state_ctrl,S-P-L,STATE-CTRL,26,6,1.0,1.0,0.0,,,,,,,episode_id_aligned,diagnostic_only
per_class,video_vs_state_ctrl,S-P-L,STATE-CTRL,27,6,1.0,1.0,0.0,,,,,,,episode_id_aligned,diagnostic_only
per_class,video_vs_state_ctrl,S-P-L,STATE-CTRL,28,11,1.0,1.0,0.0,,,,,,,episode_id_aligned,diagnostic_only
per_class,video_vs_state_ctrl,S-P-L,STATE-CTRL,29,12,1.0,1.0,0.0,,,,,,,episode_id_aligned,diagnostic_only
per_class,video_vs_state_ctrl,S-P-L,STATE-CTRL,30,6,1.0,0.6666666666666666,0.33333333333333337,,,,,,,episode_id_aligned,diagnostic_only
per_class,video_vs_state_ctrl,S-P-L,STATE-CTRL,31,6,1.0,0.8333333333333334,0.16666666666666663,,,,,,,episode_id_aligned,diagnostic_only
per_class,video_vs_state_ctrl,S-P-L,STATE-CTRL,32,6,1.0,0.5,0.5,,,,,,,episode_id_aligned,diagnostic_only
per_class,video_vs_state_ctrl,S-P-L,STATE-CTRL,33,6,1.0,0.3333333333333333,0.6666666666666667,,,,,,,episode_id_aligned,diagnostic_only
per_class,video_vs_state_ctrl,S-P-L,STATE-CTRL,34,6,1.0,0.8333333333333334,0.16666666666666663,,,,,,,episode_id_aligned,diagnostic_only
per_class,video_vs_state_ctrl,S-P-L,STATE-CTRL,35,6,1.0,0.6666666666666666,0.33333333333333337,,,,,,,episode_id_aligned,diagnostic_only
per_class,video_vs_state_ctrl,S-P-L,STATE-CTRL,36,6,1.0,0.5,0.5,,,,,,,episode_id_aligned,diagnostic_only
per_class,video_vs_state_ctrl,S-P-L,STATE-CTRL,37,6,1.0,1.0,0.0,,,,,,,episode_id_aligned,diagnostic_only
per_class,video_vs_state_ctrl,S-P-L,STATE-CTRL,38,6,1.0,1.0,0.0,,,,,,,episode_id_aligned,diagnostic_only
per_class,video_vs_state_ctrl,S-P-L,STATE-CTRL,39,12,1.0,0.9166666666666666,0.08333333333333337,,,,,,,episode_id_aligned,diagnostic_only
per_class,video_vs_state_ctrl,S-P-L,STATE-CTRL,40,6,1.0,0.8333333333333334,0.16666666666666663,,,,,,,episode_id_aligned,diagnostic_only
per_class,video_vs_state_ctrl,S-P-L,STATE-CTRL,41,6,1.0,0.8333333333333334,0.16666666666666663,,,,,,,episode_id_aligned,diagnostic_only
per_class,video_vs_state_ctrl,S-P-L,STATE-CTRL,42,6,1.0,0.5,0.5,,,,,,,episode_id_aligned,diagnostic_only
per_class,video_vs_state_ctrl,S-P-L,STATE-CTRL,43,6,1.0,0.16666666666666666,0.8333333333333334,,,,,,,episode_id_aligned,diagnostic_only
per_class,video_vs_state_ctrl,S-P-L,STATE-CTRL,44,7,1.0,0.0,1.0,,,,,,,episode_id_aligned,diagnostic_only
per_class,video_vs_state_ctrl,S-P-L,STATE-CTRL,45,6,1.0,0.6666666666666666,0.33333333333333337,,,,,,,episode_id_aligned,diagnostic_only
per_class,video_vs_state_ctrl,S-P-L,STATE-CTRL,46,6,1.0,1.0,0.0,,,,,,,episode_id_aligned,diagnostic_only
per_class,video_vs_state_ctrl,S-P-L,STATE-CTRL,47,6,1.0,1.0,0.0,,,,,,,episode_id_aligned,diagnostic_only
per_class,video_vs_state_ctrl,S-P-L,STATE-CTRL,48,6,1.0,1.0,0.0,,,,,,,episode_id_aligned,diagnostic_only
per_class,video_vs_state_ctrl,S-P-L,STATE-CTRL,49,6,1.0,0.5,0.5,,,,,,,episode_id_aligned,diagnostic_only
per_class,video_vs_state_ctrl,S-P-L,STATE-CTRL,50,5,1.0,1.0,0.0,,,,,,,episode_id_aligned,diagnostic_only
per_class,video_vs_state_ctrl,S-P-L,STATE-CTRL,51,6,1.0,0.8333333333333334,0.16666666666666663,,,,,,,episode_id_aligned,diagnostic_only
per_class,video_vs_state_ctrl,S-P-L,STATE-CTRL,52,6,1.0,1.0,0.0,,,,,,,episode_id_aligned,diagnostic_only
per_class,video_vs_state_ctrl,S-P-L,STATE-CTRL,53,6,1.0,0.6666666666666666,0.33333333333333337,,,,,,,episode_id_aligned,diagnostic_only
per_class,video_vs_state_ctrl,S-P-L,STATE-CTRL,54,6,1.0,0.8333333333333334,0.16666666666666663,,,,,,,episode_id_aligned,diagnostic_only
per_class,video_vs_state_ctrl,S-P-L,STATE-CTRL,55,6,1.0,0.8333333333333334,0.16666666666666663,,,,,,,episode_id_aligned,diagnostic_only
per_class,video_vs_state_ctrl,S-P-L,STATE-CTRL,56,6,1.0,0.8333333333333334,0.16666666666666663,,,,,,,episode_id_aligned,diagnostic_only
per_class,video_vs_state_ctrl,S-P-L,STATE-CTRL,57,6,1.0,0.3333333333333333,0.6666666666666667,,,,,,,episode_id_aligned,diagnostic_only
per_class,video_vs_state_ctrl,S-P-L,STATE-CTRL,58,6,1.0,0.6666666666666666,0.33333333333333337,,,,,,,episode_id_aligned,diagnostic_only
per_class,video_vs_state_ctrl,S-P-L,STATE-CTRL,59,6,1.0,0.8333333333333334,0.16666666666666663,,,,,,,episode_id_aligned,diagnostic_only
per_class,video_vs_state_ctrl,S-P-L,STATE-CTRL,60,6,1.0,0.5,0.5,,,,,,,episode_id_aligned,diagnostic_only
per_class,video_vs_state_ctrl,S-P-L,STATE-CTRL,61,1,1.0,0.0,1.0,,,,,,,episode_id_aligned,diagnostic_only
per_class,video_vs_state_ctrl,S-P-L,STATE-CTRL,62,1,1.0,0.0,1.0,,,,,,,episode_id_aligned,diagnostic_only
per_class,video_vs_state_ctrl,S-P-L,STATE-CTRL,63,1,1.0,0.0,1.0,,,,,,,episode_id_aligned,diagnostic_only
per_class,video_vs_state_ctrl,S-P-L,STATE-CTRL,64,1,1.0,0.0,1.0,,,,,,,episode_id_aligned,diagnostic_only
per_class,video_vs_state_ctrl,S-P-L,STATE-CTRL,65,1,1.0,0.0,1.0,,,,,,,episode_id_aligned,diagnostic_only
per_class,video_vs_state_ctrl,S-P-L,STATE-CTRL,66,1,1.0,0.0,1.0,,,,,,,episode_id_aligned,diagnostic_only
per_class,video_vs_state_ctrl,S-P-L,STATE-CTRL,67,1,0.0,0.0,0.0,,,,,,,episode_id_aligned,diagnostic_only
per_class,video_vs_state_ctrl,S-P-L,STATE-CTRL,68,1,1.0,0.0,1.0,,,,,,,episode_id_aligned,diagnostic_only
per_class,video_vs_state_ctrl,S-P-L,STATE-CTRL,69,1,1.0,0.0,1.0,,,,,,,episode_id_aligned,diagnostic_only
per_class,video_vs_state_ctrl,S-P-L,STATE-CTRL,70,1,1.0,0.0,1.0,,,,,,,episode_id_aligned,diagnostic_only
per_class,video_vs_state_ctrl,S-P-L,STATE-CTRL,71,1,1.0,0.0,1.0,,,,,,,episode_id_aligned,diagnostic_only
per_class,video_vs_state_ctrl,S-P-L,STATE-CTRL,72,1,1.0,0.0,1.0,,,,,,,episode_id_aligned,diagnostic_only
per_class,video_vs_state_ctrl,S-P-L,STATE-CTRL,73,6,1.0,0.6666666666666666,0.33333333333333337,,,,,,,episode_id_aligned,diagnostic_only
per_class,video_vs_state_ctrl,S-P-L,STATE-CTRL,74,6,0.8333333333333334,0.16666666666666666,0.6666666666666667,,,,,,,episode_id_aligned,diagnostic_only
per_class,video_vs_state_ctrl,S-P-L,STATE-CTRL,75,6,0.8333333333333334,0.0,0.8333333333333334,,,,,,,episode_id_aligned,diagnostic_only
per_class,video_vs_state_ctrl,S-P-L,STATE-CTRL,76,6,1.0,0.6666666666666666,0.33333333333333337,,,,,,,episode_id_aligned,diagnostic_only
per_class,video_vs_state_ctrl,S-P-L,STATE-CTRL,77,6,0.8333333333333334,0.16666666666666666,0.6666666666666667,,,,,,,episode_id_aligned,diagnostic_only
per_class,video_vs_state_ctrl,S-P-L,STATE-CTRL,78,6,1.0,0.3333333333333333,0.6666666666666667,,,,,,,episode_id_aligned,diagnostic_only
per_class,video_vs_state_ctrl,S-P-L,STATE-CTRL,79,6,1.0,0.0,1.0,,,,,,,episode_id_aligned,diagnostic_only
per_class,video_vs_state_ctrl,S-P-L,STATE-CTRL,80,6,0.6666666666666666,0.0,0.6666666666666666,,,,,,,episode_id_aligned,diagnostic_only
per_class,video_vs_state_ctrl,S-P-L,STATE-CTRL,81,6,1.0,1.0,0.0,,,,,,,episode_id_aligned,diagnostic_only
per_class,video_vs_state_ctrl,S-P-L,STATE-CTRL,82,6,1.0,0.8333333333333334,0.16666666666666663,,,,,,,episode_id_aligned,diagnostic_only
per_class,video_vs_state_ctrl,S-P-L,STATE-CTRL,83,6,1.0,0.5,0.5,,,,,,,episode_id_aligned,diagnostic_only
per_class,video_vs_state_ctrl,S-P-L,STATE-CTRL,84,6,0.8333333333333334,0.8333333333333334,0.0,,,,,,,episode_id_aligned,diagnostic_only
per_class,video_vs_state_ctrl,S-P-L,STATE-CTRL,85,6,0.8333333333333334,0.3333333333333333,0.5,,,,,,,episode_id_aligned,diagnostic_only
per_class,video_vs_state_ctrl,S-P-L,STATE-CTRL,86,6,1.0,0.8333333333333334,0.16666666666666663,,,,,,,episode_id_aligned,diagnostic_only
per_class,video_vs_state_ctrl,S-P-L,STATE-CTRL,87,6,0.8333333333333334,0.0,0.8333333333333334,,,,,,,episode_id_aligned,diagnostic_only
per_class,video_vs_state_ctrl,S-P-L,STATE-CTRL,88,6,0.8333333333333334,0.8333333333333334,0.0,,,,,,,episode_id_aligned,diagnostic_only
per_class,video_vs_state_ctrl,S-P-L,STATE-CTRL,89,6,1.0,1.0,0.0,,,,,,,episode_id_aligned,diagnostic_only
per_class,video_vs_state_ctrl,S-P-L,STATE-CTRL,90,6,0.6666666666666666,0.6666666666666666,0.0,,,,,,,episode_id_aligned,diagnostic_only
per_class,video_vs_state_ctrl,S-P-L,STATE-CTRL,91,1,0.0,0.0,0.0,,,,,,,episode_id_aligned,diagnostic_only
per_class,video_vs_state_ctrl,S-P-L,STATE-CTRL,92,1,1.0,0.0,1.0,,,,,,,episode_id_aligned,diagnostic_only
per_class,video_vs_state_ctrl,S-P-L,STATE-CTRL,93,1,1.0,0.0,1.0,,,,,,,episode_id_aligned,diagnostic_only
per_class,video_vs_state_ctrl,S-P-L,STATE-CTRL,94,1,0.0,0.0,0.0,,,,,,,episode_id_aligned,diagnostic_only
per_class,video_vs_state_ctrl,S-P-L,STATE-CTRL,95,1,1.0,0.0,1.0,,,,,,,episode_id_aligned,diagnostic_only
per_class,video_vs_state_ctrl,S-P-L,STATE-CTRL,96,1,1.0,0.0,1.0,,,,,,,episode_id_aligned,diagnostic_only
per_class,video_vs_state_ctrl,S-P-L,STATE-CTRL,97,1,0.0,0.0,0.0,,,,,,,episode_id_aligned,diagnostic_only
per_class,video_vs_state_ctrl,S-P-L,STATE-CTRL,98,1,1.0,0.0,1.0,,,,,,,episode_id_aligned,diagnostic_only
per_class,video_vs_state_ctrl,S-P-L,STATE-CTRL,99,1,1.0,0.0,1.0,,,,,,,episode_id_aligned,diagnostic_only
per_class,video_vs_state_ctrl,S-P-L,STATE-CTRL,100,1,1.0,0.0,1.0,,,,,,,episode_id_aligned,diagnostic_only
per_class,video_vs_state_ctrl,S-P-L,STATE-CTRL,101,1,0.0,0.0,0.0,,,,,,,episode_id_aligned,diagnostic_only
per_class,video_vs_state_ctrl,S-P-L,STATE-CTRL,102,1,0.0,0.0,0.0,,,,,,,episode_id_aligned,diagnostic_only
per_class,video_vs_state_ctrl,S-P-L,STATE-CTRL,103,6,1.0,0.16666666666666666,0.8333333333333334,,,,,,,episode_id_aligned,diagnostic_only
per_class,video_vs_state_ctrl,S-P-L,STATE-CTRL,104,6,1.0,1.0,0.0,,,,,,,episode_id_aligned,diagnostic_only
per_class,video_vs_state_ctrl,S-P-L,STATE-CTRL,105,6,1.0,0.3333333333333333,0.6666666666666667,,,,,,,episode_id_aligned,diagnostic_only
per_class,video_vs_state_ctrl,S-P-L,STATE-CTRL,106,6,1.0,0.8333333333333334,0.16666666666666663,,,,,,,episode_id_aligned,diagnostic_only
per_class,video_vs_state_ctrl,S-P-L,STATE-CTRL,107,7,1.0,0.8571428571428571,0.1428571428571429,,,,,,,episode_id_aligned,diagnostic_only
per_class,video_vs_state_ctrl,S-P-L,STATE-CTRL,108,6,1.0,0.3333333333333333,0.6666666666666667,,,,,,,episode_id_aligned,diagnostic_only
per_class,video_vs_state_ctrl,S-P-L,STATE-CTRL,109,6,1.0,0.3333333333333333,0.6666666666666667,,,,,,,episode_id_aligned,diagnostic_only
per_class,video_vs_state_ctrl,S-P-L,STATE-CTRL,110,1,1.0,0.0,1.0,,,,,,,episode_id_aligned,diagnostic_only
per_class,video_vs_state_ctrl,S-P-L,STATE-CTRL,111,6,1.0,0.6666666666666666,0.33333333333333337,,,,,,,episode_id_aligned,diagnostic_only
per_class,video_vs_state_ctrl,S-P-L,STATE-CTRL,112,7,1.0,0.7142857142857143,0.2857142857142857,,,,,,,episode_id_aligned,diagnostic_only
per_class,video_vs_state_ctrl,S-P-L,STATE-CTRL,113,6,1.0,1.0,0.0,,,,,,,episode_id_aligned,diagnostic_only
per_class,video_vs_state_ctrl,S-P-L,STATE-CTRL,114,6,1.0,0.8333333333333334,0.16666666666666663,,,,,,,episode_id_aligned,diagnostic_only
per_class,video_vs_state_ctrl,S-P-L,STATE-CTRL,115,6,1.0,0.8333333333333334,0.16666666666666663,,,,,,,episode_id_aligned,diagnostic_only
per_class,video_vs_state_ctrl,S-P-L,STATE-CTRL,116,6,1.0,0.5,0.5,,,,,,,episode_id_aligned,diagnostic_only
per_class,video_vs_state_ctrl,S-P-L,STATE-CTRL,117,6,1.0,0.6666666666666666,0.33333333333333337,,,,,,,episode_id_aligned,diagnostic_only
per_class,video_vs_state_ctrl,S-P-L,STATE-CTRL,118,6,1.0,0.6666666666666666,0.33333333333333337,,,,,,,episode_id_aligned,diagnostic_only
per_class,video_vs_state_ctrl,S-P-L,STATE-CTRL,119,7,1.0,0.8571428571428571,0.1428571428571429,,,,,,,episode_id_aligned,diagnostic_only
aggregate,video_vs_state_ctrl,S-A-F,STATE-CTRL,,,,,,0.9238249594813615,0.6337115072933549,0.29011345218800655,0.8291514917830707,0.49080161407307993,0.33834987770999075,episode_id_aligned,diagnostic_only
per_class,video_vs_state_ctrl,S-A-F,STATE-CTRL,0,6,1.0,0.8333333333333334,0.16666666666666663,,,,,,,episode_id_aligned,diagnostic_only
per_class,video_vs_state_ctrl,S-A-F,STATE-CTRL,1,6,1.0,0.16666666666666666,0.8333333333333334,,,,,,,episode_id_aligned,diagnostic_only
per_class,video_vs_state_ctrl,S-A-F,STATE-CTRL,2,6,1.0,0.6666666666666666,0.33333333333333337,,,,,,,episode_id_aligned,diagnostic_only
per_class,video_vs_state_ctrl,S-A-F,STATE-CTRL,3,6,1.0,0.6666666666666666,0.33333333333333337,,,,,,,episode_id_aligned,diagnostic_only
per_class,video_vs_state_ctrl,S-A-F,STATE-CTRL,4,5,1.0,1.0,0.0,,,,,,,episode_id_aligned,diagnostic_only
per_class,video_vs_state_ctrl,S-A-F,STATE-CTRL,5,6,1.0,0.16666666666666666,0.8333333333333334,,,,,,,episode_id_aligned,diagnostic_only
per_class,video_vs_state_ctrl,S-A-F,STATE-CTRL,6,6,1.0,0.6666666666666666,0.33333333333333337,,,,,,,episode_id_aligned,diagnostic_only
per_class,video_vs_state_ctrl,S-A-F,STATE-CTRL,7,6,1.0,0.5,0.5,,,,,,,episode_id_aligned,diagnostic_only
per_class,video_vs_state_ctrl,S-A-F,STATE-CTRL,8,6,1.0,0.3333333333333333,0.6666666666666667,,,,,,,episode_id_aligned,diagnostic_only
per_class,video_vs_state_ctrl,S-A-F,STATE-CTRL,9,6,1.0,0.8333333333333334,0.16666666666666663,,,,,,,episode_id_aligned,diagnostic_only
per_class,video_vs_state_ctrl,S-A-F,STATE-CTRL,10,6,1.0,0.5,0.5,,,,,,,episode_id_aligned,diagnostic_only
per_class,video_vs_state_ctrl,S-A-F,STATE-CTRL,11,7,1.0,0.7142857142857143,0.2857142857142857,,,,,,,episode_id_aligned,diagnostic_only
per_class,video_vs_state_ctrl,S-A-F,STATE-CTRL,12,6,1.0,1.0,0.0,,,,,,,episode_id_aligned,diagnostic_only
per_class,video_vs_state_ctrl,S-A-F,STATE-CTRL,13,6,1.0,0.5,0.5,,,,,,,episode_id_aligned,diagnostic_only
per_class,video_vs_state_ctrl,S-A-F,STATE-CTRL,14,6,1.0,1.0,0.0,,,,,,,episode_id_aligned,diagnostic_only
per_class,video_vs_state_ctrl,S-A-F,STATE-CTRL,15,7,1.0,0.7142857142857143,0.2857142857142857,,,,,,,episode_id_aligned,diagnostic_only
per_class,video_vs_state_ctrl,S-A-F,STATE-CTRL,16,7,1.0,0.8571428571428571,0.1428571428571429,,,,,,,episode_id_aligned,diagnostic_only
per_class,video_vs_state_ctrl,S-A-F,STATE-CTRL,17,6,1.0,0.3333333333333333,0.6666666666666667,,,,,,,episode_id_aligned,diagnostic_only
per_class,video_vs_state_ctrl,S-A-F,STATE-CTRL,18,6,1.0,0.6666666666666666,0.33333333333333337,,,,,,,episode_id_aligned,diagnostic_only
per_class,video_vs_state_ctrl,S-A-F,STATE-CTRL,19,6,1.0,0.8333333333333334,0.16666666666666663,,,,,,,episode_id_aligned,diagnostic_only
per_class,video_vs_state_ctrl,S-A-F,STATE-CTRL,20,6,1.0,0.5,0.5,,,,,,,episode_id_aligned,diagnostic_only
per_class,video_vs_state_ctrl,S-A-F,STATE-CTRL,21,6,1.0,0.6666666666666666,0.33333333333333337,,,,,,,episode_id_aligned,diagnostic_only
per_class,video_vs_state_ctrl,S-A-F,STATE-CTRL,22,6,1.0,0.5,0.5,,,,,,,episode_id_aligned,diagnostic_only
per_class,video_vs_state_ctrl,S-A-F,STATE-CTRL,23,6,1.0,1.0,0.0,,,,,,,episode_id_aligned,diagnostic_only
per_class,video_vs_state_ctrl,S-A-F,STATE-CTRL,24,6,1.0,0.0,1.0,,,,,,,episode_id_aligned,diagnostic_only
per_class,video_vs_state_ctrl,S-A-F,STATE-CTRL,25,6,1.0,0.8333333333333334,0.16666666666666663,,,,,,,episode_id_aligned,diagnostic_only
per_class,video_vs_state_ctrl,S-A-F,STATE-CTRL,26,6,0.8333333333333334,1.0,-0.16666666666666663,,,,,,,episode_id_aligned,diagnostic_only
per_class,video_vs_state_ctrl,S-A-F,STATE-CTRL,27,6,1.0,1.0,0.0,,,,,,,episode_id_aligned,diagnostic_only
per_class,video_vs_state_ctrl,S-A-F,STATE-CTRL,28,11,1.0,1.0,0.0,,,,,,,episode_id_aligned,diagnostic_only
per_class,video_vs_state_ctrl,S-A-F,STATE-CTRL,29,12,1.0,1.0,0.0,,,,,,,episode_id_aligned,diagnostic_only
per_class,video_vs_state_ctrl,S-A-F,STATE-CTRL,30,6,1.0,0.6666666666666666,0.33333333333333337,,,,,,,episode_id_aligned,diagnostic_only
per_class,video_vs_state_ctrl,S-A-F,STATE-CTRL,31,6,1.0,0.8333333333333334,0.16666666666666663,,,,,,,episode_id_aligned,diagnostic_only
per_class,video_vs_state_ctrl,S-A-F,STATE-CTRL,32,6,1.0,0.5,0.5,,,,,,,episode_id_aligned,diagnostic_only
per_class,video_vs_state_ctrl,S-A-F,STATE-CTRL,33,6,1.0,0.3333333333333333,0.6666666666666667,,,,,,,episode_id_aligned,diagnostic_only
per_class,video_vs_state_ctrl,S-A-F,STATE-CTRL,34,6,1.0,0.8333333333333334,0.16666666666666663,,,,,,,episode_id_aligned,diagnostic_only
per_class,video_vs_state_ctrl,S-A-F,STATE-CTRL,35,6,1.0,0.6666666666666666,0.33333333333333337,,,,,,,episode_id_aligned,diagnostic_only
per_class,video_vs_state_ctrl,S-A-F,STATE-CTRL,36,6,1.0,0.5,0.5,,,,,,,episode_id_aligned,diagnostic_only
per_class,video_vs_state_ctrl,S-A-F,STATE-CTRL,37,6,1.0,1.0,0.0,,,,,,,episode_id_aligned,diagnostic_only
per_class,video_vs_state_ctrl,S-A-F,STATE-CTRL,38,6,1.0,1.0,0.0,,,,,,,episode_id_aligned,diagnostic_only
per_class,video_vs_state_ctrl,S-A-F,STATE-CTRL,39,12,1.0,0.9166666666666666,0.08333333333333337,,,,,,,episode_id_aligned,diagnostic_only
per_class,video_vs_state_ctrl,S-A-F,STATE-CTRL,40,6,1.0,0.8333333333333334,0.16666666666666663,,,,,,,episode_id_aligned,diagnostic_only
per_class,video_vs_state_ctrl,S-A-F,STATE-CTRL,41,6,1.0,0.8333333333333334,0.16666666666666663,,,,,,,episode_id_aligned,diagnostic_only
per_class,video_vs_state_ctrl,S-A-F,STATE-CTRL,42,6,1.0,0.5,0.5,,,,,,,episode_id_aligned,diagnostic_only
per_class,video_vs_state_ctrl,S-A-F,STATE-CTRL,43,6,1.0,0.16666666666666666,0.8333333333333334,,,,,,,episode_id_aligned,diagnostic_only
per_class,video_vs_state_ctrl,S-A-F,STATE-CTRL,44,7,1.0,0.0,1.0,,,,,,,episode_id_aligned,diagnostic_only
per_class,video_vs_state_ctrl,S-A-F,STATE-CTRL,45,6,1.0,0.6666666666666666,0.33333333333333337,,,,,,,episode_id_aligned,diagnostic_only
per_class,video_vs_state_ctrl,S-A-F,STATE-CTRL,46,6,1.0,1.0,0.0,,,,,,,episode_id_aligned,diagnostic_only
per_class,video_vs_state_ctrl,S-A-F,STATE-CTRL,47,6,1.0,1.0,0.0,,,,,,,episode_id_aligned,diagnostic_only
per_class,video_vs_state_ctrl,S-A-F,STATE-CTRL,48,6,0.8333333333333334,1.0,-0.16666666666666663,,,,,,,episode_id_aligned,diagnostic_only
per_class,video_vs_state_ctrl,S-A-F,STATE-CTRL,49,6,1.0,0.5,0.5,,,,,,,episode_id_aligned,diagnostic_only
per_class,video_vs_state_ctrl,S-A-F,STATE-CTRL,50,5,1.0,1.0,0.0,,,,,,,episode_id_aligned,diagnostic_only
per_class,video_vs_state_ctrl,S-A-F,STATE-CTRL,51,6,1.0,0.8333333333333334,0.16666666666666663,,,,,,,episode_id_aligned,diagnostic_only
per_class,video_vs_state_ctrl,S-A-F,STATE-CTRL,52,6,1.0,1.0,0.0,,,,,,,episode_id_aligned,diagnostic_only
per_class,video_vs_state_ctrl,S-A-F,STATE-CTRL,53,6,1.0,0.6666666666666666,0.33333333333333337,,,,,,,episode_id_aligned,diagnostic_only
per_class,video_vs_state_ctrl,S-A-F,STATE-CTRL,54,6,1.0,0.8333333333333334,0.16666666666666663,,,,,,,episode_id_aligned,diagnostic_only
per_class,video_vs_state_ctrl,S-A-F,STATE-CTRL,55,6,1.0,0.8333333333333334,0.16666666666666663,,,,,,,episode_id_aligned,diagnostic_only
per_class,video_vs_state_ctrl,S-A-F,STATE-CTRL,56,6,1.0,0.8333333333333334,0.16666666666666663,,,,,,,episode_id_aligned,diagnostic_only
per_class,video_vs_state_ctrl,S-A-F,STATE-CTRL,57,6,1.0,0.3333333333333333,0.6666666666666667,,,,,,,episode_id_aligned,diagnostic_only
per_class,video_vs_state_ctrl,S-A-F,STATE-CTRL,58,6,1.0,0.6666666666666666,0.33333333333333337,,,,,,,episode_id_aligned,diagnostic_only
per_class,video_vs_state_ctrl,S-A-F,STATE-CTRL,59,6,1.0,0.8333333333333334,0.16666666666666663,,,,,,,episode_id_aligned,diagnostic_only
per_class,video_vs_state_ctrl,S-A-F,STATE-CTRL,60,6,1.0,0.5,0.5,,,,,,,episode_id_aligned,diagnostic_only
per_class,video_vs_state_ctrl,S-A-F,STATE-CTRL,61,1,1.0,0.0,1.0,,,,,,,episode_id_aligned,diagnostic_only
per_class,video_vs_state_ctrl,S-A-F,STATE-CTRL,62,1,1.0,0.0,1.0,,,,,,,episode_id_aligned,diagnostic_only
per_class,video_vs_state_ctrl,S-A-F,STATE-CTRL,63,1,0.0,0.0,0.0,,,,,,,episode_id_aligned,diagnostic_only
per_class,video_vs_state_ctrl,S-A-F,STATE-CTRL,64,1,1.0,0.0,1.0,,,,,,,episode_id_aligned,diagnostic_only
per_class,video_vs_state_ctrl,S-A-F,STATE-CTRL,65,1,1.0,0.0,1.0,,,,,,,episode_id_aligned,diagnostic_only
per_class,video_vs_state_ctrl,S-A-F,STATE-CTRL,66,1,0.0,0.0,0.0,,,,,,,episode_id_aligned,diagnostic_only
per_class,video_vs_state_ctrl,S-A-F,STATE-CTRL,67,1,0.0,0.0,0.0,,,,,,,episode_id_aligned,diagnostic_only
per_class,video_vs_state_ctrl,S-A-F,STATE-CTRL,68,1,0.0,0.0,0.0,,,,,,,episode_id_aligned,diagnostic_only
per_class,video_vs_state_ctrl,S-A-F,STATE-CTRL,69,1,1.0,0.0,1.0,,,,,,,episode_id_aligned,diagnostic_only
per_class,video_vs_state_ctrl,S-A-F,STATE-CTRL,70,1,1.0,0.0,1.0,,,,,,,episode_id_aligned,diagnostic_only
per_class,video_vs_state_ctrl,S-A-F,STATE-CTRL,71,1,1.0,0.0,1.0,,,,,,,episode_id_aligned,diagnostic_only
per_class,video_vs_state_ctrl,S-A-F,STATE-CTRL,72,1,1.0,0.0,1.0,,,,,,,episode_id_aligned,diagnostic_only
per_class,video_vs_state_ctrl,S-A-F,STATE-CTRL,73,6,1.0,0.6666666666666666,0.33333333333333337,,,,,,,episode_id_aligned,diagnostic_only
per_class,video_vs_state_ctrl,S-A-F,STATE-CTRL,74,6,0.6666666666666666,0.16666666666666666,0.5,,,,,,,episode_id_aligned,diagnostic_only
per_class,video_vs_state_ctrl,S-A-F,STATE-CTRL,75,6,0.8333333333333334,0.0,0.8333333333333334,,,,,,,episode_id_aligned,diagnostic_only
per_class,video_vs_state_ctrl,S-A-F,STATE-CTRL,76,6,1.0,0.6666666666666666,0.33333333333333337,,,,,,,episode_id_aligned,diagnostic_only
per_class,video_vs_state_ctrl,S-A-F,STATE-CTRL,77,6,0.5,0.16666666666666666,0.33333333333333337,,,,,,,episode_id_aligned,diagnostic_only
per_class,video_vs_state_ctrl,S-A-F,STATE-CTRL,78,6,0.8333333333333334,0.3333333333333333,0.5,,,,,,,episode_id_aligned,diagnostic_only
per_class,video_vs_state_ctrl,S-A-F,STATE-CTRL,79,6,0.5,0.0,0.5,,,,,,,episode_id_aligned,diagnostic_only
per_class,video_vs_state_ctrl,S-A-F,STATE-CTRL,80,6,0.5,0.0,0.5,,,,,,,episode_id_aligned,diagnostic_only
per_class,video_vs_state_ctrl,S-A-F,STATE-CTRL,81,6,1.0,1.0,0.0,,,,,,,episode_id_aligned,diagnostic_only
per_class,video_vs_state_ctrl,S-A-F,STATE-CTRL,82,6,1.0,0.8333333333333334,0.16666666666666663,,,,,,,episode_id_aligned,diagnostic_only
per_class,video_vs_state_ctrl,S-A-F,STATE-CTRL,83,6,0.5,0.5,0.0,,,,,,,episode_id_aligned,diagnostic_only
per_class,video_vs_state_ctrl,S-A-F,STATE-CTRL,84,6,0.3333333333333333,0.8333333333333334,-0.5,,,,,,,episode_id_aligned,diagnostic_only
per_class,video_vs_state_ctrl,S-A-F,STATE-CTRL,85,6,0.5,0.3333333333333333,0.16666666666666669,,,,,,,episode_id_aligned,diagnostic_only
per_class,video_vs_state_ctrl,S-A-F,STATE-CTRL,86,6,0.6666666666666666,0.8333333333333334,-0.16666666666666674,,,,,,,episode_id_aligned,diagnostic_only
per_class,video_vs_state_ctrl,S-A-F,STATE-CTRL,87,6,0.5,0.0,0.5,,,,,,,episode_id_aligned,diagnostic_only
per_class,video_vs_state_ctrl,S-A-F,STATE-CTRL,88,6,0.6666666666666666,0.8333333333333334,-0.16666666666666674,,,,,,,episode_id_aligned,diagnostic_only
per_class,video_vs_state_ctrl,S-A-F,STATE-CTRL,89,6,0.8333333333333334,1.0,-0.16666666666666663,,,,,,,episode_id_aligned,diagnostic_only
per_class,video_vs_state_ctrl,S-A-F,STATE-CTRL,90,6,1.0,0.6666666666666666,0.33333333333333337,,,,,,,episode_id_aligned,diagnostic_only
per_class,video_vs_state_ctrl,S-A-F,STATE-CTRL,91,1,0.0,0.0,0.0,,,,,,,episode_id_aligned,diagnostic_only
per_class,video_vs_state_ctrl,S-A-F,STATE-CTRL,92,1,0.0,0.0,0.0,,,,,,,episode_id_aligned,diagnostic_only
per_class,video_vs_state_ctrl,S-A-F,STATE-CTRL,93,1,0.0,0.0,0.0,,,,,,,episode_id_aligned,diagnostic_only
per_class,video_vs_state_ctrl,S-A-F,STATE-CTRL,94,1,0.0,0.0,0.0,,,,,,,episode_id_aligned,diagnostic_only
per_class,video_vs_state_ctrl,S-A-F,STATE-CTRL,95,1,0.0,0.0,0.0,,,,,,,episode_id_aligned,diagnostic_only
per_class,video_vs_state_ctrl,S-A-F,STATE-CTRL,96,1,1.0,0.0,1.0,,,,,,,episode_id_aligned,diagnostic_only
per_class,video_vs_state_ctrl,S-A-F,STATE-CTRL,97,1,0.0,0.0,0.0,,,,,,,episode_id_aligned,diagnostic_only
per_class,video_vs_state_ctrl,S-A-F,STATE-CTRL,98,1,1.0,0.0,1.0,,,,,,,episode_id_aligned,diagnostic_only
per_class,video_vs_state_ctrl,S-A-F,STATE-CTRL,99,1,1.0,0.0,1.0,,,,,,,episode_id_aligned,diagnostic_only
per_class,video_vs_state_ctrl,S-A-F,STATE-CTRL,100,1,0.0,0.0,0.0,,,,,,,episode_id_aligned,diagnostic_only
per_class,video_vs_state_ctrl,S-A-F,STATE-CTRL,101,1,1.0,0.0,1.0,,,,,,,episode_id_aligned,diagnostic_only
per_class,video_vs_state_ctrl,S-A-F,STATE-CTRL,102,1,0.0,0.0,0.0,,,,,,,episode_id_aligned,diagnostic_only
per_class,video_vs_state_ctrl,S-A-F,STATE-CTRL,103,6,1.0,0.16666666666666666,0.8333333333333334,,,,,,,episode_id_aligned,diagnostic_only
per_class,video_vs_state_ctrl,S-A-F,STATE-CTRL,104,6,0.8333333333333334,1.0,-0.16666666666666663,,,,,,,episode_id_aligned,diagnostic_only
per_class,video_vs_state_ctrl,S-A-F,STATE-CTRL,105,6,1.0,0.3333333333333333,0.6666666666666667,,,,,,,episode_id_aligned,diagnostic_only
per_class,video_vs_state_ctrl,S-A-F,STATE-CTRL,106,6,1.0,0.8333333333333334,0.16666666666666663,,,,,,,episode_id_aligned,diagnostic_only
per_class,video_vs_state_ctrl,S-A-F,STATE-CTRL,107,7,1.0,0.8571428571428571,0.1428571428571429,,,,,,,episode_id_aligned,diagnostic_only
per_class,video_vs_state_ctrl,S-A-F,STATE-CTRL,108,6,1.0,0.3333333333333333,0.6666666666666667,,,,,,,episode_id_aligned,diagnostic_only
per_class,video_vs_state_ctrl,S-A-F,STATE-CTRL,109,6,1.0,0.3333333333333333,0.6666666666666667,,,,,,,episode_id_aligned,diagnostic_only
per_class,video_vs_state_ctrl,S-A-F,STATE-CTRL,110,1,0.0,0.0,0.0,,,,,,,episode_id_aligned,diagnostic_only
per_class,video_vs_state_ctrl,S-A-F,STATE-CTRL,111,6,1.0,0.6666666666666666,0.33333333333333337,,,,,,,episode_id_aligned,diagnostic_only
per_class,video_vs_state_ctrl,S-A-F,STATE-CTRL,112,7,1.0,0.7142857142857143,0.2857142857142857,,,,,,,episode_id_aligned,diagnostic_only
per_class,video_vs_state_ctrl,S-A-F,STATE-CTRL,113,6,1.0,1.0,0.0,,,,,,,episode_id_aligned,diagnostic_only
per_class,video_vs_state_ctrl,S-A-F,STATE-CTRL,114,6,1.0,0.8333333333333334,0.16666666666666663,,,,,,,episode_id_aligned,diagnostic_only
per_class,video_vs_state_ctrl,S-A-F,STATE-CTRL,115,6,1.0,0.8333333333333334,0.16666666666666663,,,,,,,episode_id_aligned,diagnostic_only
per_class,video_vs_state_ctrl,S-A-F,STATE-CTRL,116,6,1.0,0.5,0.5,,,,,,,episode_id_aligned,diagnostic_only
per_class,video_vs_state_ctrl,S-A-F,STATE-CTRL,117,6,1.0,0.6666666666666666,0.33333333333333337,,,,,,,episode_id_aligned,diagnostic_only
per_class,video_vs_state_ctrl,S-A-F,STATE-CTRL,118,6,1.0,0.6666666666666666,0.33333333333333337,,,,,,,episode_id_aligned,diagnostic_only
per_class,video_vs_state_ctrl,S-A-F,STATE-CTRL,119,7,1.0,0.8571428571428571,0.1428571428571429,,,,,,,episode_id_aligned,diagnostic_only
aggregate,video_vs_state_ctrl,S-A-L,STATE-CTRL,,,,,,0.9497568881685575,0.6337115072933549,0.3160453808752026,0.8865461893179284,0.49080161407307993,0.39574457524484846,episode_id_aligned,diagnostic_only
per_class,video_vs_state_ctrl,S-A-L,STATE-CTRL,0,6,1.0,0.8333333333333334,0.16666666666666663,,,,,,,episode_id_aligned,diagnostic_only
per_class,video_vs_state_ctrl,S-A-L,STATE-CTRL,1,6,1.0,0.16666666666666666,0.8333333333333334,,,,,,,episode_id_aligned,diagnostic_only
per_class,video_vs_state_ctrl,S-A-L,STATE-CTRL,2,6,1.0,0.6666666666666666,0.33333333333333337,,,,,,,episode_id_aligned,diagnostic_only
per_class,video_vs_state_ctrl,S-A-L,STATE-CTRL,3,6,1.0,0.6666666666666666,0.33333333333333337,,,,,,,episode_id_aligned,diagnostic_only
per_class,video_vs_state_ctrl,S-A-L,STATE-CTRL,4,5,1.0,1.0,0.0,,,,,,,episode_id_aligned,diagnostic_only
per_class,video_vs_state_ctrl,S-A-L,STATE-CTRL,5,6,1.0,0.16666666666666666,0.8333333333333334,,,,,,,episode_id_aligned,diagnostic_only
per_class,video_vs_state_ctrl,S-A-L,STATE-CTRL,6,6,1.0,0.6666666666666666,0.33333333333333337,,,,,,,episode_id_aligned,diagnostic_only
per_class,video_vs_state_ctrl,S-A-L,STATE-CTRL,7,6,1.0,0.5,0.5,,,,,,,episode_id_aligned,diagnostic_only
per_class,video_vs_state_ctrl,S-A-L,STATE-CTRL,8,6,1.0,0.3333333333333333,0.6666666666666667,,,,,,,episode_id_aligned,diagnostic_only
per_class,video_vs_state_ctrl,S-A-L,STATE-CTRL,9,6,1.0,0.8333333333333334,0.16666666666666663,,,,,,,episode_id_aligned,diagnostic_only
per_class,video_vs_state_ctrl,S-A-L,STATE-CTRL,10,6,1.0,0.5,0.5,,,,,,,episode_id_aligned,diagnostic_only
per_class,video_vs_state_ctrl,S-A-L,STATE-CTRL,11,7,1.0,0.7142857142857143,0.2857142857142857,,,,,,,episode_id_aligned,diagnostic_only
per_class,video_vs_state_ctrl,S-A-L,STATE-CTRL,12,6,1.0,1.0,0.0,,,,,,,episode_id_aligned,diagnostic_only
per_class,video_vs_state_ctrl,S-A-L,STATE-CTRL,13,6,1.0,0.5,0.5,,,,,,,episode_id_aligned,diagnostic_only
per_class,video_vs_state_ctrl,S-A-L,STATE-CTRL,14,6,1.0,1.0,0.0,,,,,,,episode_id_aligned,diagnostic_only
per_class,video_vs_state_ctrl,S-A-L,STATE-CTRL,15,7,1.0,0.7142857142857143,0.2857142857142857,,,,,,,episode_id_aligned,diagnostic_only
per_class,video_vs_state_ctrl,S-A-L,STATE-CTRL,16,7,1.0,0.8571428571428571,0.1428571428571429,,,,,,,episode_id_aligned,diagnostic_only
per_class,video_vs_state_ctrl,S-A-L,STATE-CTRL,17,6,1.0,0.3333333333333333,0.6666666666666667,,,,,,,episode_id_aligned,diagnostic_only
per_class,video_vs_state_ctrl,S-A-L,STATE-CTRL,18,6,1.0,0.6666666666666666,0.33333333333333337,,,,,,,episode_id_aligned,diagnostic_only
per_class,video_vs_state_ctrl,S-A-L,STATE-CTRL,19,6,1.0,0.8333333333333334,0.16666666666666663,,,,,,,episode_id_aligned,diagnostic_only
per_class,video_vs_state_ctrl,S-A-L,STATE-CTRL,20,6,1.0,0.5,0.5,,,,,,,episode_id_aligned,diagnostic_only
per_class,video_vs_state_ctrl,S-A-L,STATE-CTRL,21,6,1.0,0.6666666666666666,0.33333333333333337,,,,,,,episode_id_aligned,diagnostic_only
per_class,video_vs_state_ctrl,S-A-L,STATE-CTRL,22,6,1.0,0.5,0.5,,,,,,,episode_id_aligned,diagnostic_only
per_class,video_vs_state_ctrl,S-A-L,STATE-CTRL,23,6,1.0,1.0,0.0,,,,,,,episode_id_aligned,diagnostic_only
per_class,video_vs_state_ctrl,S-A-L,STATE-CTRL,24,6,1.0,0.0,1.0,,,,,,,episode_id_aligned,diagnostic_only
per_class,video_vs_state_ctrl,S-A-L,STATE-CTRL,25,6,1.0,0.8333333333333334,0.16666666666666663,,,,,,,episode_id_aligned,diagnostic_only
per_class,video_vs_state_ctrl,S-A-L,STATE-CTRL,26,6,1.0,1.0,0.0,,,,,,,episode_id_aligned,diagnostic_only
per_class,video_vs_state_ctrl,S-A-L,STATE-CTRL,27,6,1.0,1.0,0.0,,,,,,,episode_id_aligned,diagnostic_only
per_class,video_vs_state_ctrl,S-A-L,STATE-CTRL,28,11,1.0,1.0,0.0,,,,,,,episode_id_aligned,diagnostic_only
per_class,video_vs_state_ctrl,S-A-L,STATE-CTRL,29,12,1.0,1.0,0.0,,,,,,,episode_id_aligned,diagnostic_only
per_class,video_vs_state_ctrl,S-A-L,STATE-CTRL,30,6,1.0,0.6666666666666666,0.33333333333333337,,,,,,,episode_id_aligned,diagnostic_only
per_class,video_vs_state_ctrl,S-A-L,STATE-CTRL,31,6,1.0,0.8333333333333334,0.16666666666666663,,,,,,,episode_id_aligned,diagnostic_only
per_class,video_vs_state_ctrl,S-A-L,STATE-CTRL,32,6,1.0,0.5,0.5,,,,,,,episode_id_aligned,diagnostic_only
per_class,video_vs_state_ctrl,S-A-L,STATE-CTRL,33,6,0.8333333333333334,0.3333333333333333,0.5,,,,,,,episode_id_aligned,diagnostic_only
per_class,video_vs_state_ctrl,S-A-L,STATE-CTRL,34,6,1.0,0.8333333333333334,0.16666666666666663,,,,,,,episode_id_aligned,diagnostic_only
per_class,video_vs_state_ctrl,S-A-L,STATE-CTRL,35,6,1.0,0.6666666666666666,0.33333333333333337,,,,,,,episode_id_aligned,diagnostic_only
per_class,video_vs_state_ctrl,S-A-L,STATE-CTRL,36,6,1.0,0.5,0.5,,,,,,,episode_id_aligned,diagnostic_only
per_class,video_vs_state_ctrl,S-A-L,STATE-CTRL,37,6,1.0,1.0,0.0,,,,,,,episode_id_aligned,diagnostic_only
per_class,video_vs_state_ctrl,S-A-L,STATE-CTRL,38,6,1.0,1.0,0.0,,,,,,,episode_id_aligned,diagnostic_only
per_class,video_vs_state_ctrl,S-A-L,STATE-CTRL,39,12,1.0,0.9166666666666666,0.08333333333333337,,,,,,,episode_id_aligned,diagnostic_only
per_class,video_vs_state_ctrl,S-A-L,STATE-CTRL,40,6,1.0,0.8333333333333334,0.16666666666666663,,,,,,,episode_id_aligned,diagnostic_only
per_class,video_vs_state_ctrl,S-A-L,STATE-CTRL,41,6,1.0,0.8333333333333334,0.16666666666666663,,,,,,,episode_id_aligned,diagnostic_only
per_class,video_vs_state_ctrl,S-A-L,STATE-CTRL,42,6,1.0,0.5,0.5,,,,,,,episode_id_aligned,diagnostic_only
per_class,video_vs_state_ctrl,S-A-L,STATE-CTRL,43,6,1.0,0.16666666666666666,0.8333333333333334,,,,,,,episode_id_aligned,diagnostic_only
per_class,video_vs_state_ctrl,S-A-L,STATE-CTRL,44,7,1.0,0.0,1.0,,,,,,,episode_id_aligned,diagnostic_only
per_class,video_vs_state_ctrl,S-A-L,STATE-CTRL,45,6,0.8333333333333334,0.6666666666666666,0.16666666666666674,,,,,,,episode_id_aligned,diagnostic_only
per_class,video_vs_state_ctrl,S-A-L,STATE-CTRL,46,6,1.0,1.0,0.0,,,,,,,episode_id_aligned,diagnostic_only
per_class,video_vs_state_ctrl,S-A-L,STATE-CTRL,47,6,1.0,1.0,0.0,,,,,,,episode_id_aligned,diagnostic_only
per_class,video_vs_state_ctrl,S-A-L,STATE-CTRL,48,6,1.0,1.0,0.0,,,,,,,episode_id_aligned,diagnostic_only
per_class,video_vs_state_ctrl,S-A-L,STATE-CTRL,49,6,1.0,0.5,0.5,,,,,,,episode_id_aligned,diagnostic_only
per_class,video_vs_state_ctrl,S-A-L,STATE-CTRL,50,5,1.0,1.0,0.0,,,,,,,episode_id_aligned,diagnostic_only
per_class,video_vs_state_ctrl,S-A-L,STATE-CTRL,51,6,1.0,0.8333333333333334,0.16666666666666663,,,,,,,episode_id_aligned,diagnostic_only
per_class,video_vs_state_ctrl,S-A-L,STATE-CTRL,52,6,1.0,1.0,0.0,,,,,,,episode_id_aligned,diagnostic_only
per_class,video_vs_state_ctrl,S-A-L,STATE-CTRL,53,6,1.0,0.6666666666666666,0.33333333333333337,,,,,,,episode_id_aligned,diagnostic_only
per_class,video_vs_state_ctrl,S-A-L,STATE-CTRL,54,6,1.0,0.8333333333333334,0.16666666666666663,,,,,,,episode_id_aligned,diagnostic_only
per_class,video_vs_state_ctrl,S-A-L,STATE-CTRL,55,6,1.0,0.8333333333333334,0.16666666666666663,,,,,,,episode_id_aligned,diagnostic_only
per_class,video_vs_state_ctrl,S-A-L,STATE-CTRL,56,6,1.0,0.8333333333333334,0.16666666666666663,,,,,,,episode_id_aligned,diagnostic_only
per_class,video_vs_state_ctrl,S-A-L,STATE-CTRL,57,6,1.0,0.3333333333333333,0.6666666666666667,,,,,,,episode_id_aligned,diagnostic_only
per_class,video_vs_state_ctrl,S-A-L,STATE-CTRL,58,6,1.0,0.6666666666666666,0.33333333333333337,,,,,,,episode_id_aligned,diagnostic_only
per_class,video_vs_state_ctrl,S-A-L,STATE-CTRL,59,6,1.0,0.8333333333333334,0.16666666666666663,,,,,,,episode_id_aligned,diagnostic_only
per_class,video_vs_state_ctrl,S-A-L,STATE-CTRL,60,6,1.0,0.5,0.5,,,,,,,episode_id_aligned,diagnostic_only
per_class,video_vs_state_ctrl,S-A-L,STATE-CTRL,61,1,1.0,0.0,1.0,,,,,,,episode_id_aligned,diagnostic_only
per_class,video_vs_state_ctrl,S-A-L,STATE-CTRL,62,1,1.0,0.0,1.0,,,,,,,episode_id_aligned,diagnostic_only
per_class,video_vs_state_ctrl,S-A-L,STATE-CTRL,63,1,1.0,0.0,1.0,,,,,,,episode_id_aligned,diagnostic_only
per_class,video_vs_state_ctrl,S-A-L,STATE-CTRL,64,1,1.0,0.0,1.0,,,,,,,episode_id_aligned,diagnostic_only
per_class,video_vs_state_ctrl,S-A-L,STATE-CTRL,65,1,0.0,0.0,0.0,,,,,,,episode_id_aligned,diagnostic_only
per_class,video_vs_state_ctrl,S-A-L,STATE-CTRL,66,1,0.0,0.0,0.0,,,,,,,episode_id_aligned,diagnostic_only
per_class,video_vs_state_ctrl,S-A-L,STATE-CTRL,67,1,0.0,0.0,0.0,,,,,,,episode_id_aligned,diagnostic_only
per_class,video_vs_state_ctrl,S-A-L,STATE-CTRL,68,1,1.0,0.0,1.0,,,,,,,episode_id_aligned,diagnostic_only
per_class,video_vs_state_ctrl,S-A-L,STATE-CTRL,69,1,1.0,0.0,1.0,,,,,,,episode_id_aligned,diagnostic_only
per_class,video_vs_state_ctrl,S-A-L,STATE-CTRL,70,1,1.0,0.0,1.0,,,,,,,episode_id_aligned,diagnostic_only
per_class,video_vs_state_ctrl,S-A-L,STATE-CTRL,71,1,1.0,0.0,1.0,,,,,,,episode_id_aligned,diagnostic_only
per_class,video_vs_state_ctrl,S-A-L,STATE-CTRL,72,1,1.0,0.0,1.0,,,,,,,episode_id_aligned,diagnostic_only
per_class,video_vs_state_ctrl,S-A-L,STATE-CTRL,73,6,1.0,0.6666666666666666,0.33333333333333337,,,,,,,episode_id_aligned,diagnostic_only
per_class,video_vs_state_ctrl,S-A-L,STATE-CTRL,74,6,0.8333333333333334,0.16666666666666666,0.6666666666666667,,,,,,,episode_id_aligned,diagnostic_only
per_class,video_vs_state_ctrl,S-A-L,STATE-CTRL,75,6,0.6666666666666666,0.0,0.6666666666666666,,,,,,,episode_id_aligned,diagnostic_only
per_class,video_vs_state_ctrl,S-A-L,STATE-CTRL,76,6,0.8333333333333334,0.6666666666666666,0.16666666666666674,,,,,,,episode_id_aligned,diagnostic_only
per_class,video_vs_state_ctrl,S-A-L,STATE-CTRL,77,6,0.8333333333333334,0.16666666666666666,0.6666666666666667,,,,,,,episode_id_aligned,diagnostic_only
per_class,video_vs_state_ctrl,S-A-L,STATE-CTRL,78,6,0.8333333333333334,0.3333333333333333,0.5,,,,,,,episode_id_aligned,diagnostic_only
per_class,video_vs_state_ctrl,S-A-L,STATE-CTRL,79,6,0.8333333333333334,0.0,0.8333333333333334,,,,,,,episode_id_aligned,diagnostic_only
per_class,video_vs_state_ctrl,S-A-L,STATE-CTRL,80,6,0.8333333333333334,0.0,0.8333333333333334,,,,,,,episode_id_aligned,diagnostic_only
per_class,video_vs_state_ctrl,S-A-L,STATE-CTRL,81,6,1.0,1.0,0.0,,,,,,,episode_id_aligned,diagnostic_only
per_class,video_vs_state_ctrl,S-A-L,STATE-CTRL,82,6,0.6666666666666666,0.8333333333333334,-0.16666666666666674,,,,,,,episode_id_aligned,diagnostic_only
per_class,video_vs_state_ctrl,S-A-L,STATE-CTRL,83,6,0.8333333333333334,0.5,0.33333333333333337,,,,,,,episode_id_aligned,diagnostic_only
per_class,video_vs_state_ctrl,S-A-L,STATE-CTRL,84,6,0.6666666666666666,0.8333333333333334,-0.16666666666666674,,,,,,,episode_id_aligned,diagnostic_only
per_class,video_vs_state_ctrl,S-A-L,STATE-CTRL,85,6,0.8333333333333334,0.3333333333333333,0.5,,,,,,,episode_id_aligned,diagnostic_only
per_class,video_vs_state_ctrl,S-A-L,STATE-CTRL,86,6,0.8333333333333334,0.8333333333333334,0.0,,,,,,,episode_id_aligned,diagnostic_only
per_class,video_vs_state_ctrl,S-A-L,STATE-CTRL,87,6,0.8333333333333334,0.0,0.8333333333333334,,,,,,,episode_id_aligned,diagnostic_only
per_class,video_vs_state_ctrl,S-A-L,STATE-CTRL,88,6,0.6666666666666666,0.8333333333333334,-0.16666666666666674,,,,,,,episode_id_aligned,diagnostic_only
per_class,video_vs_state_ctrl,S-A-L,STATE-CTRL,89,6,0.8333333333333334,1.0,-0.16666666666666663,,,,,,,episode_id_aligned,diagnostic_only
per_class,video_vs_state_ctrl,S-A-L,STATE-CTRL,90,6,0.8333333333333334,0.6666666666666666,0.16666666666666674,,,,,,,episode_id_aligned,diagnostic_only
per_class,video_vs_state_ctrl,S-A-L,STATE-CTRL,91,1,0.0,0.0,0.0,,,,,,,episode_id_aligned,diagnostic_only
per_class,video_vs_state_ctrl,S-A-L,STATE-CTRL,92,1,1.0,0.0,1.0,,,,,,,episode_id_aligned,diagnostic_only
per_class,video_vs_state_ctrl,S-A-L,STATE-CTRL,93,1,1.0,0.0,1.0,,,,,,,episode_id_aligned,diagnostic_only
per_class,video_vs_state_ctrl,S-A-L,STATE-CTRL,94,1,1.0,0.0,1.0,,,,,,,episode_id_aligned,diagnostic_only
per_class,video_vs_state_ctrl,S-A-L,STATE-CTRL,95,1,1.0,0.0,1.0,,,,,,,episode_id_aligned,diagnostic_only
per_class,video_vs_state_ctrl,S-A-L,STATE-CTRL,96,1,1.0,0.0,1.0,,,,,,,episode_id_aligned,diagnostic_only
per_class,video_vs_state_ctrl,S-A-L,STATE-CTRL,97,1,0.0,0.0,0.0,,,,,,,episode_id_aligned,diagnostic_only
per_class,video_vs_state_ctrl,S-A-L,STATE-CTRL,98,1,0.0,0.0,0.0,,,,,,,episode_id_aligned,diagnostic_only
per_class,video_vs_state_ctrl,S-A-L,STATE-CTRL,99,1,1.0,0.0,1.0,,,,,,,episode_id_aligned,diagnostic_only
per_class,video_vs_state_ctrl,S-A-L,STATE-CTRL,100,1,0.0,0.0,0.0,,,,,,,episode_id_aligned,diagnostic_only
per_class,video_vs_state_ctrl,S-A-L,STATE-CTRL,101,1,1.0,0.0,1.0,,,,,,,episode_id_aligned,diagnostic_only
per_class,video_vs_state_ctrl,S-A-L,STATE-CTRL,102,1,0.0,0.0,0.0,,,,,,,episode_id_aligned,diagnostic_only
per_class,video_vs_state_ctrl,S-A-L,STATE-CTRL,103,6,1.0,0.16666666666666666,0.8333333333333334,,,,,,,episode_id_aligned,diagnostic_only
per_class,video_vs_state_ctrl,S-A-L,STATE-CTRL,104,6,1.0,1.0,0.0,,,,,,,episode_id_aligned,diagnostic_only
per_class,video_vs_state_ctrl,S-A-L,STATE-CTRL,105,6,1.0,0.3333333333333333,0.6666666666666667,,,,,,,episode_id_aligned,diagnostic_only
per_class,video_vs_state_ctrl,S-A-L,STATE-CTRL,106,6,1.0,0.8333333333333334,0.16666666666666663,,,,,,,episode_id_aligned,diagnostic_only
per_class,video_vs_state_ctrl,S-A-L,STATE-CTRL,107,7,1.0,0.8571428571428571,0.1428571428571429,,,,,,,episode_id_aligned,diagnostic_only
per_class,video_vs_state_ctrl,S-A-L,STATE-CTRL,108,6,1.0,0.3333333333333333,0.6666666666666667,,,,,,,episode_id_aligned,diagnostic_only
per_class,video_vs_state_ctrl,S-A-L,STATE-CTRL,109,6,0.8333333333333334,0.3333333333333333,0.5,,,,,,,episode_id_aligned,diagnostic_only
per_class,video_vs_state_ctrl,S-A-L,STATE-CTRL,110,1,1.0,0.0,1.0,,,,,,,episode_id_aligned,diagnostic_only
per_class,video_vs_state_ctrl,S-A-L,STATE-CTRL,111,6,1.0,0.6666666666666666,0.33333333333333337,,,,,,,episode_id_aligned,diagnostic_only
per_class,video_vs_state_ctrl,S-A-L,STATE-CTRL,112,7,1.0,0.7142857142857143,0.2857142857142857,,,,,,,episode_id_aligned,diagnostic_only
per_class,video_vs_state_ctrl,S-A-L,STATE-CTRL,113,6,1.0,1.0,0.0,,,,,,,episode_id_aligned,diagnostic_only
per_class,video_vs_state_ctrl,S-A-L,STATE-CTRL,114,6,1.0,0.8333333333333334,0.16666666666666663,,,,,,,episode_id_aligned,diagnostic_only
per_class,video_vs_state_ctrl,S-A-L,STATE-CTRL,115,6,1.0,0.8333333333333334,0.16666666666666663,,,,,,,episode_id_aligned,diagnostic_only
per_class,video_vs_state_ctrl,S-A-L,STATE-CTRL,116,6,1.0,0.5,0.5,,,,,,,episode_id_aligned,diagnostic_only
per_class,video_vs_state_ctrl,S-A-L,STATE-CTRL,117,6,1.0,0.6666666666666666,0.33333333333333337,,,,,,,episode_id_aligned,diagnostic_only
per_class,video_vs_state_ctrl,S-A-L,STATE-CTRL,118,6,1.0,0.6666666666666666,0.33333333333333337,,,,,,,episode_id_aligned,diagnostic_only
per_class,video_vs_state_ctrl,S-A-L,STATE-CTRL,119,7,1.0,0.8571428571428571,0.1428571428571429,,,,,,,episode_id_aligned,diagnostic_only
per_class,dynamic_vs_static,D-P-F,S-P-F,0,6,1.0,1.0,0.0,0.9481361426256077,0.9497568881685575,-0.0016207455429497752,0.902113580863581,0.910348309098309,-0.00823472823472804,episode_id_aligned,diagnostic_only
per_class,dynamic_vs_static,D-P-F,S-P-F,1,6,1.0,1.0,0.0,0.9481361426256077,0.9497568881685575,-0.0016207455429497752,0.902113580863581,0.910348309098309,-0.00823472823472804,episode_id_aligned,diagnostic_only
per_class,dynamic_vs_static,D-P-F,S-P-F,2,6,1.0,1.0,0.0,0.9481361426256077,0.9497568881685575,-0.0016207455429497752,0.902113580863581,0.910348309098309,-0.00823472823472804,episode_id_aligned,diagnostic_only
per_class,dynamic_vs_static,D-P-F,S-P-F,3,6,1.0,1.0,0.0,0.9481361426256077,0.9497568881685575,-0.0016207455429497752,0.902113580863581,0.910348309098309,-0.00823472823472804,episode_id_aligned,diagnostic_only
per_class,dynamic_vs_static,D-P-F,S-P-F,4,5,1.0,1.0,0.0,0.9481361426256077,0.9497568881685575,-0.0016207455429497752,0.902113580863581,0.910348309098309,-0.00823472823472804,episode_id_aligned,diagnostic_only
per_class,dynamic_vs_static,D-P-F,S-P-F,5,6,1.0,1.0,0.0,0.9481361426256077,0.9497568881685575,-0.0016207455429497752,0.902113580863581,0.910348309098309,-0.00823472823472804,episode_id_aligned,diagnostic_only
per_class,dynamic_vs_static,D-P-F,S-P-F,6,6,1.0,1.0,0.0,0.9481361426256077,0.9497568881685575,-0.0016207455429497752,0.902113580863581,0.910348309098309,-0.00823472823472804,episode_id_aligned,diagnostic_only
per_class,dynamic_vs_static,D-P-F,S-P-F,7,6,1.0,0.8333333333333334,0.16666666666666663,0.9481361426256077,0.9497568881685575,-0.0016207455429497752,0.902113580863581,0.910348309098309,-0.00823472823472804,episode_id_aligned,diagnostic_only
per_class,dynamic_vs_static,D-P-F,S-P-F,8,6,1.0,1.0,0.0,0.9481361426256077,0.9497568881685575,-0.0016207455429497752,0.902113580863581,0.910348309098309,-0.00823472823472804,episode_id_aligned,diagnostic_only
per_class,dynamic_vs_static,D-P-F,S-P-F,9,6,1.0,1.0,0.0,0.9481361426256077,0.9497568881685575,-0.0016207455429497752,0.902113580863581,0.910348309098309,-0.00823472823472804,episode_id_aligned,diagnostic_only
per_class,dynamic_vs_static,D-P-F,S-P-F,10,6,1.0,1.0,0.0,0.9481361426256077,0.9497568881685575,-0.0016207455429497752,0.902113580863581,0.910348309098309,-0.00823472823472804,episode_id_aligned,diagnostic_only
per_class,dynamic_vs_static,D-P-F,S-P-F,11,7,1.0,1.0,0.0,0.9481361426256077,0.9497568881685575,-0.0016207455429497752,0.902113580863581,0.910348309098309,-0.00823472823472804,episode_id_aligned,diagnostic_only
per_class,dynamic_vs_static,D-P-F,S-P-F,12,6,1.0,1.0,0.0,0.9481361426256077,0.9497568881685575,-0.0016207455429497752,0.902113580863581,0.910348309098309,-0.00823472823472804,episode_id_aligned,diagnostic_only
per_class,dynamic_vs_static,D-P-F,S-P-F,13,6,1.0,1.0,0.0,0.9481361426256077,0.9497568881685575,-0.0016207455429497752,0.902113580863581,0.910348309098309,-0.00823472823472804,episode_id_aligned,diagnostic_only
per_class,dynamic_vs_static,D-P-F,S-P-F,14,6,1.0,1.0,0.0,0.9481361426256077,0.9497568881685575,-0.0016207455429497752,0.902113580863581,0.910348309098309,-0.00823472823472804,episode_id_aligned,diagnostic_only
per_class,dynamic_vs_static,D-P-F,S-P-F,15,7,1.0,1.0,0.0,0.9481361426256077,0.9497568881685575,-0.0016207455429497752,0.902113580863581,0.910348309098309,-0.00823472823472804,episode_id_aligned,diagnostic_only
per_class,dynamic_vs_static,D-P-F,S-P-F,16,7,1.0,1.0,0.0,0.9481361426256077,0.9497568881685575,-0.0016207455429497752,0.902113580863581,0.910348309098309,-0.00823472823472804,episode_id_aligned,diagnostic_only
per_class,dynamic_vs_static,D-P-F,S-P-F,17,6,1.0,1.0,0.0,0.9481361426256077,0.9497568881685575,-0.0016207455429497752,0.902113580863581,0.910348309098309,-0.00823472823472804,episode_id_aligned,diagnostic_only
per_class,dynamic_vs_static,D-P-F,S-P-F,18,6,1.0,1.0,0.0,0.9481361426256077,0.9497568881685575,-0.0016207455429497752,0.902113580863581,0.910348309098309,-0.00823472823472804,episode_id_aligned,diagnostic_only
per_class,dynamic_vs_static,D-P-F,S-P-F,19,6,1.0,1.0,0.0,0.9481361426256077,0.9497568881685575,-0.0016207455429497752,0.902113580863581,0.910348309098309,-0.00823472823472804,episode_id_aligned,diagnostic_only
per_class,dynamic_vs_static,D-P-F,S-P-F,20,6,1.0,1.0,0.0,0.9481361426256077,0.9497568881685575,-0.0016207455429497752,0.902113580863581,0.910348309098309,-0.00823472823472804,episode_id_aligned,diagnostic_only
per_class,dynamic_vs_static,D-P-F,S-P-F,21,6,1.0,1.0,0.0,0.9481361426256077,0.9497568881685575,-0.0016207455429497752,0.902113580863581,0.910348309098309,-0.00823472823472804,episode_id_aligned,diagnostic_only
per_class,dynamic_vs_static,D-P-F,S-P-F,22,6,1.0,1.0,0.0,0.9481361426256077,0.9497568881685575,-0.0016207455429497752,0.902113580863581,0.910348309098309,-0.00823472823472804,episode_id_aligned,diagnostic_only
per_class,dynamic_vs_static,D-P-F,S-P-F,23,6,1.0,1.0,0.0,0.9481361426256077,0.9497568881685575,-0.0016207455429497752,0.902113580863581,0.910348309098309,-0.00823472823472804,episode_id_aligned,diagnostic_only
per_class,dynamic_vs_static,D-P-F,S-P-F,24,6,1.0,1.0,0.0,0.9481361426256077,0.9497568881685575,-0.0016207455429497752,0.902113580863581,0.910348309098309,-0.00823472823472804,episode_id_aligned,diagnostic_only
per_class,dynamic_vs_static,D-P-F,S-P-F,25,6,1.0,1.0,0.0,0.9481361426256077,0.9497568881685575,-0.0016207455429497752,0.902113580863581,0.910348309098309,-0.00823472823472804,episode_id_aligned,diagnostic_only
per_class,dynamic_vs_static,D-P-F,S-P-F,26,6,1.0,1.0,0.0,0.9481361426256077,0.9497568881685575,-0.0016207455429497752,0.902113580863581,0.910348309098309,-0.00823472823472804,episode_id_aligned,diagnostic_only
per_class,dynamic_vs_static,D-P-F,S-P-F,27,6,1.0,1.0,0.0,0.9481361426256077,0.9497568881685575,-0.0016207455429497752,0.902113580863581,0.910348309098309,-0.00823472823472804,episode_id_aligned,diagnostic_only
per_class,dynamic_vs_static,D-P-F,S-P-F,28,11,1.0,1.0,0.0,0.9481361426256077,0.9497568881685575,-0.0016207455429497752,0.902113580863581,0.910348309098309,-0.00823472823472804,episode_id_aligned,diagnostic_only
per_class,dynamic_vs_static,D-P-F,S-P-F,29,12,1.0,1.0,0.0,0.9481361426256077,0.9497568881685575,-0.0016207455429497752,0.902113580863581,0.910348309098309,-0.00823472823472804,episode_id_aligned,diagnostic_only
per_class,dynamic_vs_static,D-P-F,S-P-F,30,6,1.0,1.0,0.0,0.9481361426256077,0.9497568881685575,-0.0016207455429497752,0.902113580863581,0.910348309098309,-0.00823472823472804,episode_id_aligned,diagnostic_only
per_class,dynamic_vs_static,D-P-F,S-P-F,31,6,1.0,1.0,0.0,0.9481361426256077,0.9497568881685575,-0.0016207455429497752,0.902113580863581,0.910348309098309,-0.00823472823472804,episode_id_aligned,diagnostic_only
per_class,dynamic_vs_static,D-P-F,S-P-F,32,6,1.0,1.0,0.0,0.9481361426256077,0.9497568881685575,-0.0016207455429497752,0.902113580863581,0.910348309098309,-0.00823472823472804,episode_id_aligned,diagnostic_only
per_class,dynamic_vs_static,D-P-F,S-P-F,33,6,1.0,1.0,0.0,0.9481361426256077,0.9497568881685575,-0.0016207455429497752,0.902113580863581,0.910348309098309,-0.00823472823472804,episode_id_aligned,diagnostic_only
per_class,dynamic_vs_static,D-P-F,S-P-F,34,6,1.0,1.0,0.0,0.9481361426256077,0.9497568881685575,-0.0016207455429497752,0.902113580863581,0.910348309098309,-0.00823472823472804,episode_id_aligned,diagnostic_only
per_class,dynamic_vs_static,D-P-F,S-P-F,35,6,1.0,1.0,0.0,0.9481361426256077,0.9497568881685575,-0.0016207455429497752,0.902113580863581,0.910348309098309,-0.00823472823472804,episode_id_aligned,diagnostic_only
per_class,dynamic_vs_static,D-P-F,S-P-F,36,6,1.0,1.0,0.0,0.9481361426256077,0.9497568881685575,-0.0016207455429497752,0.902113580863581,0.910348309098309,-0.00823472823472804,episode_id_aligned,diagnostic_only
per_class,dynamic_vs_static,D-P-F,S-P-F,37,6,1.0,1.0,0.0,0.9481361426256077,0.9497568881685575,-0.0016207455429497752,0.902113580863581,0.910348309098309,-0.00823472823472804,episode_id_aligned,diagnostic_only
per_class,dynamic_vs_static,D-P-F,S-P-F,38,6,1.0,1.0,0.0,0.9481361426256077,0.9497568881685575,-0.0016207455429497752,0.902113580863581,0.910348309098309,-0.00823472823472804,episode_id_aligned,diagnostic_only
per_class,dynamic_vs_static,D-P-F,S-P-F,39,12,1.0,1.0,0.0,0.9481361426256077,0.9497568881685575,-0.0016207455429497752,0.902113580863581,0.910348309098309,-0.00823472823472804,episode_id_aligned,diagnostic_only
per_class,dynamic_vs_static,D-P-F,S-P-F,40,6,1.0,1.0,0.0,0.9481361426256077,0.9497568881685575,-0.0016207455429497752,0.902113580863581,0.910348309098309,-0.00823472823472804,episode_id_aligned,diagnostic_only
per_class,dynamic_vs_static,D-P-F,S-P-F,41,6,1.0,1.0,0.0,0.9481361426256077,0.9497568881685575,-0.0016207455429497752,0.902113580863581,0.910348309098309,-0.00823472823472804,episode_id_aligned,diagnostic_only
per_class,dynamic_vs_static,D-P-F,S-P-F,42,6,1.0,1.0,0.0,0.9481361426256077,0.9497568881685575,-0.0016207455429497752,0.902113580863581,0.910348309098309,-0.00823472823472804,episode_id_aligned,diagnostic_only
per_class,dynamic_vs_static,D-P-F,S-P-F,43,6,1.0,1.0,0.0,0.9481361426256077,0.9497568881685575,-0.0016207455429497752,0.902113580863581,0.910348309098309,-0.00823472823472804,episode_id_aligned,diagnostic_only
per_class,dynamic_vs_static,D-P-F,S-P-F,44,7,1.0,1.0,0.0,0.9481361426256077,0.9497568881685575,-0.0016207455429497752,0.902113580863581,0.910348309098309,-0.00823472823472804,episode_id_aligned,diagnostic_only
per_class,dynamic_vs_static,D-P-F,S-P-F,45,6,1.0,1.0,0.0,0.9481361426256077,0.9497568881685575,-0.0016207455429497752,0.902113580863581,0.910348309098309,-0.00823472823472804,episode_id_aligned,diagnostic_only
per_class,dynamic_vs_static,D-P-F,S-P-F,46,6,1.0,1.0,0.0,0.9481361426256077,0.9497568881685575,-0.0016207455429497752,0.902113580863581,0.910348309098309,-0.00823472823472804,episode_id_aligned,diagnostic_only
per_class,dynamic_vs_static,D-P-F,S-P-F,47,6,1.0,1.0,0.0,0.9481361426256077,0.9497568881685575,-0.0016207455429497752,0.902113580863581,0.910348309098309,-0.00823472823472804,episode_id_aligned,diagnostic_only
per_class,dynamic_vs_static,D-P-F,S-P-F,48,6,1.0,1.0,0.0,0.9481361426256077,0.9497568881685575,-0.0016207455429497752,0.902113580863581,0.910348309098309,-0.00823472823472804,episode_id_aligned,diagnostic_only
per_class,dynamic_vs_static,D-P-F,S-P-F,49,6,1.0,1.0,0.0,0.9481361426256077,0.9497568881685575,-0.0016207455429497752,0.902113580863581,0.910348309098309,-0.00823472823472804,episode_id_aligned,diagnostic_only
per_class,dynamic_vs_static,D-P-F,S-P-F,50,5,1.0,1.0,0.0,0.9481361426256077,0.9497568881685575,-0.0016207455429497752,0.902113580863581,0.910348309098309,-0.00823472823472804,episode_id_aligned,diagnostic_only
per_class,dynamic_vs_static,D-P-F,S-P-F,51,6,1.0,1.0,0.0,0.9481361426256077,0.9497568881685575,-0.0016207455429497752,0.902113580863581,0.910348309098309,-0.00823472823472804,episode_id_aligned,diagnostic_only
per_class,dynamic_vs_static,D-P-F,S-P-F,52,6,1.0,1.0,0.0,0.9481361426256077,0.9497568881685575,-0.0016207455429497752,0.902113580863581,0.910348309098309,-0.00823472823472804,episode_id_aligned,diagnostic_only
per_class,dynamic_vs_static,D-P-F,S-P-F,53,6,1.0,1.0,0.0,0.9481361426256077,0.9497568881685575,-0.0016207455429497752,0.902113580863581,0.910348309098309,-0.00823472823472804,episode_id_aligned,diagnostic_only
per_class,dynamic_vs_static,D-P-F,S-P-F,54,6,1.0,1.0,0.0,0.9481361426256077,0.9497568881685575,-0.0016207455429497752,0.902113580863581,0.910348309098309,-0.00823472823472804,episode_id_aligned,diagnostic_only
per_class,dynamic_vs_static,D-P-F,S-P-F,55,6,1.0,1.0,0.0,0.9481361426256077,0.9497568881685575,-0.0016207455429497752,0.902113580863581,0.910348309098309,-0.00823472823472804,episode_id_aligned,diagnostic_only
per_class,dynamic_vs_static,D-P-F,S-P-F,56,6,1.0,1.0,0.0,0.9481361426256077,0.9497568881685575,-0.0016207455429497752,0.902113580863581,0.910348309098309,-0.00823472823472804,episode_id_aligned,diagnostic_only
per_class,dynamic_vs_static,D-P-F,S-P-F,57,6,1.0,1.0,0.0,0.9481361426256077,0.9497568881685575,-0.0016207455429497752,0.902113580863581,0.910348309098309,-0.00823472823472804,episode_id_aligned,diagnostic_only
per_class,dynamic_vs_static,D-P-F,S-P-F,58,6,1.0,1.0,0.0,0.9481361426256077,0.9497568881685575,-0.0016207455429497752,0.902113580863581,0.910348309098309,-0.00823472823472804,episode_id_aligned,diagnostic_only
per_class,dynamic_vs_static,D-P-F,S-P-F,59,6,1.0,1.0,0.0,0.9481361426256077,0.9497568881685575,-0.0016207455429497752,0.902113580863581,0.910348309098309,-0.00823472823472804,episode_id_aligned,diagnostic_only
per_class,dynamic_vs_static,D-P-F,S-P-F,60,6,1.0,1.0,0.0,0.9481361426256077,0.9497568881685575,-0.0016207455429497752,0.902113580863581,0.910348309098309,-0.00823472823472804,episode_id_aligned,diagnostic_only
per_class,dynamic_vs_static,D-P-F,S-P-F,61,1,1.0,1.0,0.0,0.9481361426256077,0.9497568881685575,-0.0016207455429497752,0.902113580863581,0.910348309098309,-0.00823472823472804,episode_id_aligned,diagnostic_only
per_class,dynamic_vs_static,D-P-F,S-P-F,62,1,1.0,1.0,0.0,0.9481361426256077,0.9497568881685575,-0.0016207455429497752,0.902113580863581,0.910348309098309,-0.00823472823472804,episode_id_aligned,diagnostic_only
per_class,dynamic_vs_static,D-P-F,S-P-F,63,1,0.0,1.0,-1.0,0.9481361426256077,0.9497568881685575,-0.0016207455429497752,0.902113580863581,0.910348309098309,-0.00823472823472804,episode_id_aligned,diagnostic_only
per_class,dynamic_vs_static,D-P-F,S-P-F,64,1,1.0,1.0,0.0,0.9481361426256077,0.9497568881685575,-0.0016207455429497752,0.902113580863581,0.910348309098309,-0.00823472823472804,episode_id_aligned,diagnostic_only
per_class,dynamic_vs_static,D-P-F,S-P-F,65,1,1.0,1.0,0.0,0.9481361426256077,0.9497568881685575,-0.0016207455429497752,0.902113580863581,0.910348309098309,-0.00823472823472804,episode_id_aligned,diagnostic_only
per_class,dynamic_vs_static,D-P-F,S-P-F,66,1,1.0,1.0,0.0,0.9481361426256077,0.9497568881685575,-0.0016207455429497752,0.902113580863581,0.910348309098309,-0.00823472823472804,episode_id_aligned,diagnostic_only
per_class,dynamic_vs_static,D-P-F,S-P-F,67,1,0.0,0.0,0.0,0.9481361426256077,0.9497568881685575,-0.0016207455429497752,0.902113580863581,0.910348309098309,-0.00823472823472804,episode_id_aligned,diagnostic_only
per_class,dynamic_vs_static,D-P-F,S-P-F,68,1,1.0,1.0,0.0,0.9481361426256077,0.9497568881685575,-0.0016207455429497752,0.902113580863581,0.910348309098309,-0.00823472823472804,episode_id_aligned,diagnostic_only
per_class,dynamic_vs_static,D-P-F,S-P-F,69,1,1.0,1.0,0.0,0.9481361426256077,0.9497568881685575,-0.0016207455429497752,0.902113580863581,0.910348309098309,-0.00823472823472804,episode_id_aligned,diagnostic_only
per_class,dynamic_vs_static,D-P-F,S-P-F,70,1,1.0,1.0,0.0,0.9481361426256077,0.9497568881685575,-0.0016207455429497752,0.902113580863581,0.910348309098309,-0.00823472823472804,episode_id_aligned,diagnostic_only
per_class,dynamic_vs_static,D-P-F,S-P-F,71,1,1.0,1.0,0.0,0.9481361426256077,0.9497568881685575,-0.0016207455429497752,0.902113580863581,0.910348309098309,-0.00823472823472804,episode_id_aligned,diagnostic_only
per_class,dynamic_vs_static,D-P-F,S-P-F,72,1,1.0,1.0,0.0,0.9481361426256077,0.9497568881685575,-0.0016207455429497752,0.902113580863581,0.910348309098309,-0.00823472823472804,episode_id_aligned,diagnostic_only
per_class,dynamic_vs_static,D-P-F,S-P-F,73,6,1.0,1.0,0.0,0.9481361426256077,0.9497568881685575,-0.0016207455429497752,0.902113580863581,0.910348309098309,-0.00823472823472804,episode_id_aligned,diagnostic_only
per_class,dynamic_vs_static,D-P-F,S-P-F,74,6,0.6666666666666666,0.8333333333333334,-0.16666666666666674,0.9481361426256077,0.9497568881685575,-0.0016207455429497752,0.902113580863581,0.910348309098309,-0.00823472823472804,episode_id_aligned,diagnostic_only
per_class,dynamic_vs_static,D-P-F,S-P-F,75,6,1.0,0.8333333333333334,0.16666666666666663,0.9481361426256077,0.9497568881685575,-0.0016207455429497752,0.902113580863581,0.910348309098309,-0.00823472823472804,episode_id_aligned,diagnostic_only
per_class,dynamic_vs_static,D-P-F,S-P-F,76,6,0.8333333333333334,1.0,-0.16666666666666663,0.9481361426256077,0.9497568881685575,-0.0016207455429497752,0.902113580863581,0.910348309098309,-0.00823472823472804,episode_id_aligned,diagnostic_only
per_class,dynamic_vs_static,D-P-F,S-P-F,77,6,0.6666666666666666,0.5,0.16666666666666663,0.9481361426256077,0.9497568881685575,-0.0016207455429497752,0.902113580863581,0.910348309098309,-0.00823472823472804,episode_id_aligned,diagnostic_only
per_class,dynamic_vs_static,D-P-F,S-P-F,78,6,1.0,1.0,0.0,0.9481361426256077,0.9497568881685575,-0.0016207455429497752,0.902113580863581,0.910348309098309,-0.00823472823472804,episode_id_aligned,diagnostic_only
per_class,dynamic_vs_static,D-P-F,S-P-F,79,6,1.0,0.8333333333333334,0.16666666666666663,0.9481361426256077,0.9497568881685575,-0.0016207455429497752,0.902113580863581,0.910348309098309,-0.00823472823472804,episode_id_aligned,diagnostic_only
per_class,dynamic_vs_static,D-P-F,S-P-F,80,6,0.5,0.3333333333333333,0.16666666666666669,0.9481361426256077,0.9497568881685575,-0.0016207455429497752,0.902113580863581,0.910348309098309,-0.00823472823472804,episode_id_aligned,diagnostic_only
per_class,dynamic_vs_static,D-P-F,S-P-F,81,6,1.0,1.0,0.0,0.9481361426256077,0.9497568881685575,-0.0016207455429497752,0.902113580863581,0.910348309098309,-0.00823472823472804,episode_id_aligned,diagnostic_only
per_class,dynamic_vs_static,D-P-F,S-P-F,82,6,0.5,0.6666666666666666,-0.16666666666666663,0.9481361426256077,0.9497568881685575,-0.0016207455429497752,0.902113580863581,0.910348309098309,-0.00823472823472804,episode_id_aligned,diagnostic_only
per_class,dynamic_vs_static,D-P-F,S-P-F,83,6,0.8333333333333334,1.0,-0.16666666666666663,0.9481361426256077,0.9497568881685575,-0.0016207455429497752,0.902113580863581,0.910348309098309,-0.00823472823472804,episode_id_aligned,diagnostic_only
per_class,dynamic_vs_static,D-P-F,S-P-F,84,6,0.5,0.5,0.0,0.9481361426256077,0.9497568881685575,-0.0016207455429497752,0.902113580863581,0.910348309098309,-0.00823472823472804,episode_id_aligned,diagnostic_only
per_class,dynamic_vs_static,D-P-F,S-P-F,85,6,0.6666666666666666,0.6666666666666666,0.0,0.9481361426256077,0.9497568881685575,-0.0016207455429497752,0.902113580863581,0.910348309098309,-0.00823472823472804,episode_id_aligned,diagnostic_only
per_class,dynamic_vs_static,D-P-F,S-P-F,86,6,1.0,0.5,0.5,0.9481361426256077,0.9497568881685575,-0.0016207455429497752,0.902113580863581,0.910348309098309,-0.00823472823472804,episode_id_aligned,diagnostic_only
per_class,dynamic_vs_static,D-P-F,S-P-F,87,6,0.3333333333333333,0.5,-0.16666666666666669,0.9481361426256077,0.9497568881685575,-0.0016207455429497752,0.902113580863581,0.910348309098309,-0.00823472823472804,episode_id_aligned,diagnostic_only
per_class,dynamic_vs_static,D-P-F,S-P-F,88,6,0.6666666666666666,0.8333333333333334,-0.16666666666666674,0.9481361426256077,0.9497568881685575,-0.0016207455429497752,0.902113580863581,0.910348309098309,-0.00823472823472804,episode_id_aligned,diagnostic_only
per_class,dynamic_vs_static,D-P-F,S-P-F,89,6,0.8333333333333334,1.0,-0.16666666666666663,0.9481361426256077,0.9497568881685575,-0.0016207455429497752,0.902113580863581,0.910348309098309,-0.00823472823472804,episode_id_aligned,diagnostic_only
per_class,dynamic_vs_static,D-P-F,S-P-F,90,6,0.8333333333333334,1.0,-0.16666666666666663,0.9481361426256077,0.9497568881685575,-0.0016207455429497752,0.902113580863581,0.910348309098309,-0.00823472823472804,episode_id_aligned,diagnostic_only
per_class,dynamic_vs_static,D-P-F,S-P-F,91,1,0.0,0.0,0.0,0.9481361426256077,0.9497568881685575,-0.0016207455429497752,0.902113580863581,0.910348309098309,-0.00823472823472804,episode_id_aligned,diagnostic_only
per_class,dynamic_vs_static,D-P-F,S-P-F,92,1,1.0,1.0,0.0,0.9481361426256077,0.9497568881685575,-0.0016207455429497752,0.902113580863581,0.910348309098309,-0.00823472823472804,episode_id_aligned,diagnostic_only
per_class,dynamic_vs_static,D-P-F,S-P-F,93,1,1.0,1.0,0.0,0.9481361426256077,0.9497568881685575,-0.0016207455429497752,0.902113580863581,0.910348309098309,-0.00823472823472804,episode_id_aligned,diagnostic_only
per_class,dynamic_vs_static,D-P-F,S-P-F,94,1,0.0,0.0,0.0,0.9481361426256077,0.9497568881685575,-0.0016207455429497752,0.902113580863581,0.910348309098309,-0.00823472823472804,episode_id_aligned,diagnostic_only
per_class,dynamic_vs_static,D-P-F,S-P-F,95,1,1.0,1.0,0.0,0.9481361426256077,0.9497568881685575,-0.0016207455429497752,0.902113580863581,0.910348309098309,-0.00823472823472804,episode_id_aligned,diagnostic_only
per_class,dynamic_vs_static,D-P-F,S-P-F,96,1,1.0,1.0,0.0,0.9481361426256077,0.9497568881685575,-0.0016207455429497752,0.902113580863581,0.910348309098309,-0.00823472823472804,episode_id_aligned,diagnostic_only
per_class,dynamic_vs_static,D-P-F,S-P-F,97,1,0.0,0.0,0.0,0.9481361426256077,0.9497568881685575,-0.0016207455429497752,0.902113580863581,0.910348309098309,-0.00823472823472804,episode_id_aligned,diagnostic_only
per_class,dynamic_vs_static,D-P-F,S-P-F,98,1,1.0,1.0,0.0,0.9481361426256077,0.9497568881685575,-0.0016207455429497752,0.902113580863581,0.910348309098309,-0.00823472823472804,episode_id_aligned,diagnostic_only
per_class,dynamic_vs_static,D-P-F,S-P-F,99,1,1.0,1.0,0.0,0.9481361426256077,0.9497568881685575,-0.0016207455429497752,0.902113580863581,0.910348309098309,-0.00823472823472804,episode_id_aligned,diagnostic_only
per_class,dynamic_vs_static,D-P-F,S-P-F,100,1,1.0,1.0,0.0,0.9481361426256077,0.9497568881685575,-0.0016207455429497752,0.902113580863581,0.910348309098309,-0.00823472823472804,episode_id_aligned,diagnostic_only
per_class,dynamic_vs_static,D-P-F,S-P-F,101,1,0.0,0.0,0.0,0.9481361426256077,0.9497568881685575,-0.0016207455429497752,0.902113580863581,0.910348309098309,-0.00823472823472804,episode_id_aligned,diagnostic_only
per_class,dynamic_vs_static,D-P-F,S-P-F,102,1,0.0,0.0,0.0,0.9481361426256077,0.9497568881685575,-0.0016207455429497752,0.902113580863581,0.910348309098309,-0.00823472823472804,episode_id_aligned,diagnostic_only
per_class,dynamic_vs_static,D-P-F,S-P-F,103,6,1.0,1.0,0.0,0.9481361426256077,0.9497568881685575,-0.0016207455429497752,0.902113580863581,0.910348309098309,-0.00823472823472804,episode_id_aligned,diagnostic_only
per_class,dynamic_vs_static,D-P-F,S-P-F,104,6,1.0,1.0,0.0,0.9481361426256077,0.9497568881685575,-0.0016207455429497752,0.902113580863581,0.910348309098309,-0.00823472823472804,episode_id_aligned,diagnostic_only
per_class,dynamic_vs_static,D-P-F,S-P-F,105,6,1.0,1.0,0.0,0.9481361426256077,0.9497568881685575,-0.0016207455429497752,0.902113580863581,0.910348309098309,-0.00823472823472804,episode_id_aligned,diagnostic_only
per_class,dynamic_vs_static,D-P-F,S-P-F,106,6,1.0,1.0,0.0,0.9481361426256077,0.9497568881685575,-0.0016207455429497752,0.902113580863581,0.910348309098309,-0.00823472823472804,episode_id_aligned,diagnostic_only
per_class,dynamic_vs_static,D-P-F,S-P-F,107,7,1.0,1.0,0.0,0.9481361426256077,0.9497568881685575,-0.0016207455429497752,0.902113580863581,0.910348309098309,-0.00823472823472804,episode_id_aligned,diagnostic_only
per_class,dynamic_vs_static,D-P-F,S-P-F,108,6,1.0,1.0,0.0,0.9481361426256077,0.9497568881685575,-0.0016207455429497752,0.902113580863581,0.910348309098309,-0.00823472823472804,episode_id_aligned,diagnostic_only
per_class,dynamic_vs_static,D-P-F,S-P-F,109,6,1.0,1.0,0.0,0.9481361426256077,0.9497568881685575,-0.0016207455429497752,0.902113580863581,0.910348309098309,-0.00823472823472804,episode_id_aligned,diagnostic_only
per_class,dynamic_vs_static,D-P-F,S-P-F,110,1,1.0,1.0,0.0,0.9481361426256077,0.9497568881685575,-0.0016207455429497752,0.902113580863581,0.910348309098309,-0.00823472823472804,episode_id_aligned,diagnostic_only
per_class,dynamic_vs_static,D-P-F,S-P-F,111,6,1.0,1.0,0.0,0.9481361426256077,0.9497568881685575,-0.0016207455429497752,0.902113580863581,0.910348309098309,-0.00823472823472804,episode_id_aligned,diagnostic_only
per_class,dynamic_vs_static,D-P-F,S-P-F,112,7,1.0,1.0,0.0,0.9481361426256077,0.9497568881685575,-0.0016207455429497752,0.902113580863581,0.910348309098309,-0.00823472823472804,episode_id_aligned,diagnostic_only
per_class,dynamic_vs_static,D-P-F,S-P-F,113,6,1.0,1.0,0.0,0.9481361426256077,0.9497568881685575,-0.0016207455429497752,0.902113580863581,0.910348309098309,-0.00823472823472804,episode_id_aligned,diagnostic_only
per_class,dynamic_vs_static,D-P-F,S-P-F,114,6,1.0,1.0,0.0,0.9481361426256077,0.9497568881685575,-0.0016207455429497752,0.902113580863581,0.910348309098309,-0.00823472823472804,episode_id_aligned,diagnostic_only
per_class,dynamic_vs_static,D-P-F,S-P-F,115,6,1.0,1.0,0.0,0.9481361426256077,0.9497568881685575,-0.0016207455429497752,0.902113580863581,0.910348309098309,-0.00823472823472804,episode_id_aligned,diagnostic_only
per_class,dynamic_vs_static,D-P-F,S-P-F,116,6,1.0,1.0,0.0,0.9481361426256077,0.9497568881685575,-0.0016207455429497752,0.902113580863581,0.910348309098309,-0.00823472823472804,episode_id_aligned,diagnostic_only
per_class,dynamic_vs_static,D-P-F,S-P-F,117,6,1.0,1.0,0.0,0.9481361426256077,0.9497568881685575,-0.0016207455429497752,0.902113580863581,0.910348309098309,-0.00823472823472804,episode_id_aligned,diagnostic_only
per_class,dynamic_vs_static,D-P-F,S-P-F,118,6,1.0,1.0,0.0,0.9481361426256077,0.9497568881685575,-0.0016207455429497752,0.902113580863581,0.910348309098309,-0.00823472823472804,episode_id_aligned,diagnostic_only
per_class,dynamic_vs_static,D-P-F,S-P-F,119,7,1.0,1.0,0.0,0.9481361426256077,0.9497568881685575,-0.0016207455429497752,0.902113580863581,0.910348309098309,-0.00823472823472804,episode_id_aligned,diagnostic_only
per_class,dynamic_vs_static,D-A-F,S-A-F,0,6,1.0,1.0,0.0,0.9351701782820098,0.9238249594813615,0.011345218800648316,0.8347468125556361,0.8291514917830707,0.005595320772565415,episode_id_aligned,diagnostic_only
per_class,dynamic_vs_static,D-A-F,S-A-F,1,6,1.0,1.0,0.0,0.9351701782820098,0.9238249594813615,0.011345218800648316,0.8347468125556361,0.8291514917830707,0.005595320772565415,episode_id_aligned,diagnostic_only
per_class,dynamic_vs_static,D-A-F,S-A-F,2,6,0.8333333333333334,1.0,-0.16666666666666663,0.9351701782820098,0.9238249594813615,0.011345218800648316,0.8347468125556361,0.8291514917830707,0.005595320772565415,episode_id_aligned,diagnostic_only
per_class,dynamic_vs_static,D-A-F,S-A-F,3,6,1.0,1.0,0.0,0.9351701782820098,0.9238249594813615,0.011345218800648316,0.8347468125556361,0.8291514917830707,0.005595320772565415,episode_id_aligned,diagnostic_only
per_class,dynamic_vs_static,D-A-F,S-A-F,4,5,0.8,1.0,-0.19999999999999996,0.9351701782820098,0.9238249594813615,0.011345218800648316,0.8347468125556361,0.8291514917830707,0.005595320772565415,episode_id_aligned,diagnostic_only
per_class,dynamic_vs_static,D-A-F,S-A-F,5,6,1.0,1.0,0.0,0.9351701782820098,0.9238249594813615,0.011345218800648316,0.8347468125556361,0.8291514917830707,0.005595320772565415,episode_id_aligned,diagnostic_only
per_class,dynamic_vs_static,D-A-F,S-A-F,6,6,1.0,1.0,0.0,0.9351701782820098,0.9238249594813615,0.011345218800648316,0.8347468125556361,0.8291514917830707,0.005595320772565415,episode_id_aligned,diagnostic_only
per_class,dynamic_vs_static,D-A-F,S-A-F,7,6,1.0,1.0,0.0,0.9351701782820098,0.9238249594813615,0.011345218800648316,0.8347468125556361,0.8291514917830707,0.005595320772565415,episode_id_aligned,diagnostic_only
per_class,dynamic_vs_static,D-A-F,S-A-F,8,6,1.0,1.0,0.0,0.9351701782820098,0.9238249594813615,0.011345218800648316,0.8347468125556361,0.8291514917830707,0.005595320772565415,episode_id_aligned,diagnostic_only
per_class,dynamic_vs_static,D-A-F,S-A-F,9,6,1.0,1.0,0.0,0.9351701782820098,0.9238249594813615,0.011345218800648316,0.8347468125556361,0.8291514917830707,0.005595320772565415,episode_id_aligned,diagnostic_only
per_class,dynamic_vs_static,D-A-F,S-A-F,10,6,1.0,1.0,0.0,0.9351701782820098,0.9238249594813615,0.011345218800648316,0.8347468125556361,0.8291514917830707,0.005595320772565415,episode_id_aligned,diagnostic_only
per_class,dynamic_vs_static,D-A-F,S-A-F,11,7,1.0,1.0,0.0,0.9351701782820098,0.9238249594813615,0.011345218800648316,0.8347468125556361,0.8291514917830707,0.005595320772565415,episode_id_aligned,diagnostic_only
per_class,dynamic_vs_static,D-A-F,S-A-F,12,6,1.0,1.0,0.0,0.9351701782820098,0.9238249594813615,0.011345218800648316,0.8347468125556361,0.8291514917830707,0.005595320772565415,episode_id_aligned,diagnostic_only
per_class,dynamic_vs_static,D-A-F,S-A-F,13,6,1.0,1.0,0.0,0.9351701782820098,0.9238249594813615,0.011345218800648316,0.8347468125556361,0.8291514917830707,0.005595320772565415,episode_id_aligned,diagnostic_only
per_class,dynamic_vs_static,D-A-F,S-A-F,14,6,1.0,1.0,0.0,0.9351701782820098,0.9238249594813615,0.011345218800648316,0.8347468125556361,0.8291514917830707,0.005595320772565415,episode_id_aligned,diagnostic_only
per_class,dynamic_vs_static,D-A-F,S-A-F,15,7,0.8571428571428571,1.0,-0.1428571428571429,0.9351701782820098,0.9238249594813615,0.011345218800648316,0.8347468125556361,0.8291514917830707,0.005595320772565415,episode_id_aligned,diagnostic_only
per_class,dynamic_vs_static,D-A-F,S-A-F,16,7,1.0,1.0,0.0,0.9351701782820098,0.9238249594813615,0.011345218800648316,0.8347468125556361,0.8291514917830707,0.005595320772565415,episode_id_aligned,diagnostic_only
per_class,dynamic_vs_static,D-A-F,S-A-F,17,6,1.0,1.0,0.0,0.9351701782820098,0.9238249594813615,0.011345218800648316,0.8347468125556361,0.8291514917830707,0.005595320772565415,episode_id_aligned,diagnostic_only
per_class,dynamic_vs_static,D-A-F,S-A-F,18,6,1.0,1.0,0.0,0.9351701782820098,0.9238249594813615,0.011345218800648316,0.8347468125556361,0.8291514917830707,0.005595320772565415,episode_id_aligned,diagnostic_only
per_class,dynamic_vs_static,D-A-F,S-A-F,19,6,0.8333333333333334,1.0,-0.16666666666666663,0.9351701782820098,0.9238249594813615,0.011345218800648316,0.8347468125556361,0.8291514917830707,0.005595320772565415,episode_id_aligned,diagnostic_only
per_class,dynamic_vs_static,D-A-F,S-A-F,20,6,1.0,1.0,0.0,0.9351701782820098,0.9238249594813615,0.011345218800648316,0.8347468125556361,0.8291514917830707,0.005595320772565415,episode_id_aligned,diagnostic_only
per_class,dynamic_vs_static,D-A-F,S-A-F,21,6,1.0,1.0,0.0,0.9351701782820098,0.9238249594813615,0.011345218800648316,0.8347468125556361,0.8291514917830707,0.005595320772565415,episode_id_aligned,diagnostic_only
per_class,dynamic_vs_static,D-A-F,S-A-F,22,6,1.0,1.0,0.0,0.9351701782820098,0.9238249594813615,0.011345218800648316,0.8347468125556361,0.8291514917830707,0.005595320772565415,episode_id_aligned,diagnostic_only
per_class,dynamic_vs_static,D-A-F,S-A-F,23,6,1.0,1.0,0.0,0.9351701782820098,0.9238249594813615,0.011345218800648316,0.8347468125556361,0.8291514917830707,0.005595320772565415,episode_id_aligned,diagnostic_only
per_class,dynamic_vs_static,D-A-F,S-A-F,24,6,1.0,1.0,0.0,0.9351701782820098,0.9238249594813615,0.011345218800648316,0.8347468125556361,0.8291514917830707,0.005595320772565415,episode_id_aligned,diagnostic_only
per_class,dynamic_vs_static,D-A-F,S-A-F,25,6,1.0,1.0,0.0,0.9351701782820098,0.9238249594813615,0.011345218800648316,0.8347468125556361,0.8291514917830707,0.005595320772565415,episode_id_aligned,diagnostic_only
per_class,dynamic_vs_static,D-A-F,S-A-F,26,6,1.0,0.8333333333333334,0.16666666666666663,0.9351701782820098,0.9238249594813615,0.011345218800648316,0.8347468125556361,0.8291514917830707,0.005595320772565415,episode_id_aligned,diagnostic_only
per_class,dynamic_vs_static,D-A-F,S-A-F,27,6,1.0,1.0,0.0,0.9351701782820098,0.9238249594813615,0.011345218800648316,0.8347468125556361,0.8291514917830707,0.005595320772565415,episode_id_aligned,diagnostic_only
per_class,dynamic_vs_static,D-A-F,S-A-F,28,11,1.0,1.0,0.0,0.9351701782820098,0.9238249594813615,0.011345218800648316,0.8347468125556361,0.8291514917830707,0.005595320772565415,episode_id_aligned,diagnostic_only
per_class,dynamic_vs_static,D-A-F,S-A-F,29,12,1.0,1.0,0.0,0.9351701782820098,0.9238249594813615,0.011345218800648316,0.8347468125556361,0.8291514917830707,0.005595320772565415,episode_id_aligned,diagnostic_only
per_class,dynamic_vs_static,D-A-F,S-A-F,30,6,1.0,1.0,0.0,0.9351701782820098,0.9238249594813615,0.011345218800648316,0.8347468125556361,0.8291514917830707,0.005595320772565415,episode_id_aligned,diagnostic_only
per_class,dynamic_vs_static,D-A-F,S-A-F,31,6,1.0,1.0,0.0,0.9351701782820098,0.9238249594813615,0.011345218800648316,0.8347468125556361,0.8291514917830707,0.005595320772565415,episode_id_aligned,diagnostic_only
per_class,dynamic_vs_static,D-A-F,S-A-F,32,6,1.0,1.0,0.0,0.9351701782820098,0.9238249594813615,0.011345218800648316,0.8347468125556361,0.8291514917830707,0.005595320772565415,episode_id_aligned,diagnostic_only
per_class,dynamic_vs_static,D-A-F,S-A-F,33,6,1.0,1.0,0.0,0.9351701782820098,0.9238249594813615,0.011345218800648316,0.8347468125556361,0.8291514917830707,0.005595320772565415,episode_id_aligned,diagnostic_only
per_class,dynamic_vs_static,D-A-F,S-A-F,34,6,1.0,1.0,0.0,0.9351701782820098,0.9238249594813615,0.011345218800648316,0.8347468125556361,0.8291514917830707,0.005595320772565415,episode_id_aligned,diagnostic_only
per_class,dynamic_vs_static,D-A-F,S-A-F,35,6,1.0,1.0,0.0,0.9351701782820098,0.9238249594813615,0.011345218800648316,0.8347468125556361,0.8291514917830707,0.005595320772565415,episode_id_aligned,diagnostic_only
per_class,dynamic_vs_static,D-A-F,S-A-F,36,6,1.0,1.0,0.0,0.9351701782820098,0.9238249594813615,0.011345218800648316,0.8347468125556361,0.8291514917830707,0.005595320772565415,episode_id_aligned,diagnostic_only
per_class,dynamic_vs_static,D-A-F,S-A-F,37,6,1.0,1.0,0.0,0.9351701782820098,0.9238249594813615,0.011345218800648316,0.8347468125556361,0.8291514917830707,0.005595320772565415,episode_id_aligned,diagnostic_only
per_class,dynamic_vs_static,D-A-F,S-A-F,38,6,1.0,1.0,0.0,0.9351701782820098,0.9238249594813615,0.011345218800648316,0.8347468125556361,0.8291514917830707,0.005595320772565415,episode_id_aligned,diagnostic_only
per_class,dynamic_vs_static,D-A-F,S-A-F,39,12,1.0,1.0,0.0,0.9351701782820098,0.9238249594813615,0.011345218800648316,0.8347468125556361,0.8291514917830707,0.005595320772565415,episode_id_aligned,diagnostic_only
per_class,dynamic_vs_static,D-A-F,S-A-F,40,6,1.0,1.0,0.0,0.9351701782820098,0.9238249594813615,0.011345218800648316,0.8347468125556361,0.8291514917830707,0.005595320772565415,episode_id_aligned,diagnostic_only
per_class,dynamic_vs_static,D-A-F,S-A-F,41,6,1.0,1.0,0.0,0.9351701782820098,0.9238249594813615,0.011345218800648316,0.8347468125556361,0.8291514917830707,0.005595320772565415,episode_id_aligned,diagnostic_only
per_class,dynamic_vs_static,D-A-F,S-A-F,42,6,1.0,1.0,0.0,0.9351701782820098,0.9238249594813615,0.011345218800648316,0.8347468125556361,0.8291514917830707,0.005595320772565415,episode_id_aligned,diagnostic_only
per_class,dynamic_vs_static,D-A-F,S-A-F,43,6,1.0,1.0,0.0,0.9351701782820098,0.9238249594813615,0.011345218800648316,0.8347468125556361,0.8291514917830707,0.005595320772565415,episode_id_aligned,diagnostic_only
per_class,dynamic_vs_static,D-A-F,S-A-F,44,7,1.0,1.0,0.0,0.9351701782820098,0.9238249594813615,0.011345218800648316,0.8347468125556361,0.8291514917830707,0.005595320772565415,episode_id_aligned,diagnostic_only
per_class,dynamic_vs_static,D-A-F,S-A-F,45,6,1.0,1.0,0.0,0.9351701782820098,0.9238249594813615,0.011345218800648316,0.8347468125556361,0.8291514917830707,0.005595320772565415,episode_id_aligned,diagnostic_only
per_class,dynamic_vs_static,D-A-F,S-A-F,46,6,1.0,1.0,0.0,0.9351701782820098,0.9238249594813615,0.011345218800648316,0.8347468125556361,0.8291514917830707,0.005595320772565415,episode_id_aligned,diagnostic_only
per_class,dynamic_vs_static,D-A-F,S-A-F,47,6,1.0,1.0,0.0,0.9351701782820098,0.9238249594813615,0.011345218800648316,0.8347468125556361,0.8291514917830707,0.005595320772565415,episode_id_aligned,diagnostic_only
per_class,dynamic_vs_static,D-A-F,S-A-F,48,6,1.0,0.8333333333333334,0.16666666666666663,0.9351701782820098,0.9238249594813615,0.011345218800648316,0.8347468125556361,0.8291514917830707,0.005595320772565415,episode_id_aligned,diagnostic_only
per_class,dynamic_vs_static,D-A-F,S-A-F,49,6,1.0,1.0,0.0,0.9351701782820098,0.9238249594813615,0.011345218800648316,0.8347468125556361,0.8291514917830707,0.005595320772565415,episode_id_aligned,diagnostic_only
per_class,dynamic_vs_static,D-A-F,S-A-F,50,5,1.0,1.0,0.0,0.9351701782820098,0.9238249594813615,0.011345218800648316,0.8347468125556361,0.8291514917830707,0.005595320772565415,episode_id_aligned,diagnostic_only
per_class,dynamic_vs_static,D-A-F,S-A-F,51,6,1.0,1.0,0.0,0.9351701782820098,0.9238249594813615,0.011345218800648316,0.8347468125556361,0.8291514917830707,0.005595320772565415,episode_id_aligned,diagnostic_only
per_class,dynamic_vs_static,D-A-F,S-A-F,52,6,1.0,1.0,0.0,0.9351701782820098,0.9238249594813615,0.011345218800648316,0.8347468125556361,0.8291514917830707,0.005595320772565415,episode_id_aligned,diagnostic_only
per_class,dynamic_vs_static,D-A-F,S-A-F,53,6,1.0,1.0,0.0,0.9351701782820098,0.9238249594813615,0.011345218800648316,0.8347468125556361,0.8291514917830707,0.005595320772565415,episode_id_aligned,diagnostic_only
per_class,dynamic_vs_static,D-A-F,S-A-F,54,6,1.0,1.0,0.0,0.9351701782820098,0.9238249594813615,0.011345218800648316,0.8347468125556361,0.8291514917830707,0.005595320772565415,episode_id_aligned,diagnostic_only
per_class,dynamic_vs_static,D-A-F,S-A-F,55,6,1.0,1.0,0.0,0.9351701782820098,0.9238249594813615,0.011345218800648316,0.8347468125556361,0.8291514917830707,0.005595320772565415,episode_id_aligned,diagnostic_only
per_class,dynamic_vs_static,D-A-F,S-A-F,56,6,1.0,1.0,0.0,0.9351701782820098,0.9238249594813615,0.011345218800648316,0.8347468125556361,0.8291514917830707,0.005595320772565415,episode_id_aligned,diagnostic_only
per_class,dynamic_vs_static,D-A-F,S-A-F,57,6,1.0,1.0,0.0,0.9351701782820098,0.9238249594813615,0.011345218800648316,0.8347468125556361,0.8291514917830707,0.005595320772565415,episode_id_aligned,diagnostic_only
per_class,dynamic_vs_static,D-A-F,S-A-F,58,6,1.0,1.0,0.0,0.9351701782820098,0.9238249594813615,0.011345218800648316,0.8347468125556361,0.8291514917830707,0.005595320772565415,episode_id_aligned,diagnostic_only
per_class,dynamic_vs_static,D-A-F,S-A-F,59,6,1.0,1.0,0.0,0.9351701782820098,0.9238249594813615,0.011345218800648316,0.8347468125556361,0.8291514917830707,0.005595320772565415,episode_id_aligned,diagnostic_only
per_class,dynamic_vs_static,D-A-F,S-A-F,60,6,1.0,1.0,0.0,0.9351701782820098,0.9238249594813615,0.011345218800648316,0.8347468125556361,0.8291514917830707,0.005595320772565415,episode_id_aligned,diagnostic_only
per_class,dynamic_vs_static,D-A-F,S-A-F,61,1,0.0,1.0,-1.0,0.9351701782820098,0.9238249594813615,0.011345218800648316,0.8347468125556361,0.8291514917830707,0.005595320772565415,episode_id_aligned,diagnostic_only
per_class,dynamic_vs_static,D-A-F,S-A-F,62,1,1.0,1.0,0.0,0.9351701782820098,0.9238249594813615,0.011345218800648316,0.8347468125556361,0.8291514917830707,0.005595320772565415,episode_id_aligned,diagnostic_only
per_class,dynamic_vs_static,D-A-F,S-A-F,63,1,1.0,0.0,1.0,0.9351701782820098,0.9238249594813615,0.011345218800648316,0.8347468125556361,0.8291514917830707,0.005595320772565415,episode_id_aligned,diagnostic_only
per_class,dynamic_vs_static,D-A-F,S-A-F,64,1,1.0,1.0,0.0,0.9351701782820098,0.9238249594813615,0.011345218800648316,0.8347468125556361,0.8291514917830707,0.005595320772565415,episode_id_aligned,diagnostic_only
per_class,dynamic_vs_static,D-A-F,S-A-F,65,1,1.0,1.0,0.0,0.9351701782820098,0.9238249594813615,0.011345218800648316,0.8347468125556361,0.8291514917830707,0.005595320772565415,episode_id_aligned,diagnostic_only
per_class,dynamic_vs_static,D-A-F,S-A-F,66,1,0.0,0.0,0.0,0.9351701782820098,0.9238249594813615,0.011345218800648316,0.8347468125556361,0.8291514917830707,0.005595320772565415,episode_id_aligned,diagnostic_only
per_class,dynamic_vs_static,D-A-F,S-A-F,67,1,0.0,0.0,0.0,0.9351701782820098,0.9238249594813615,0.011345218800648316,0.8347468125556361,0.8291514917830707,0.005595320772565415,episode_id_aligned,diagnostic_only
per_class,dynamic_vs_static,D-A-F,S-A-F,68,1,1.0,0.0,1.0,0.9351701782820098,0.9238249594813615,0.011345218800648316,0.8347468125556361,0.8291514917830707,0.005595320772565415,episode_id_aligned,diagnostic_only
per_class,dynamic_vs_static,D-A-F,S-A-F,69,1,1.0,1.0,0.0,0.9351701782820098,0.9238249594813615,0.011345218800648316,0.8347468125556361,0.8291514917830707,0.005595320772565415,episode_id_aligned,diagnostic_only
per_class,dynamic_vs_static,D-A-F,S-A-F,70,1,0.0,1.0,-1.0,0.9351701782820098,0.9238249594813615,0.011345218800648316,0.8347468125556361,0.8291514917830707,0.005595320772565415,episode_id_aligned,diagnostic_only
per_class,dynamic_vs_static,D-A-F,S-A-F,71,1,1.0,1.0,0.0,0.9351701782820098,0.9238249594813615,0.011345218800648316,0.8347468125556361,0.8291514917830707,0.005595320772565415,episode_id_aligned,diagnostic_only
per_class,dynamic_vs_static,D-A-F,S-A-F,72,1,0.0,1.0,-1.0,0.9351701782820098,0.9238249594813615,0.011345218800648316,0.8347468125556361,0.8291514917830707,0.005595320772565415,episode_id_aligned,diagnostic_only
per_class,dynamic_vs_static,D-A-F,S-A-F,73,6,1.0,1.0,0.0,0.9351701782820098,0.9238249594813615,0.011345218800648316,0.8347468125556361,0.8291514917830707,0.005595320772565415,episode_id_aligned,diagnostic_only
per_class,dynamic_vs_static,D-A-F,S-A-F,74,6,0.6666666666666666,0.6666666666666666,0.0,0.9351701782820098,0.9238249594813615,0.011345218800648316,0.8347468125556361,0.8291514917830707,0.005595320772565415,episode_id_aligned,diagnostic_only
per_class,dynamic_vs_static,D-A-F,S-A-F,75,6,1.0,0.8333333333333334,0.16666666666666663,0.9351701782820098,0.9238249594813615,0.011345218800648316,0.8347468125556361,0.8291514917830707,0.005595320772565415,episode_id_aligned,diagnostic_only
per_class,dynamic_vs_static,D-A-F,S-A-F,76,6,0.8333333333333334,1.0,-0.16666666666666663,0.9351701782820098,0.9238249594813615,0.011345218800648316,0.8347468125556361,0.8291514917830707,0.005595320772565415,episode_id_aligned,diagnostic_only
per_class,dynamic_vs_static,D-A-F,S-A-F,77,6,0.6666666666666666,0.5,0.16666666666666663,0.9351701782820098,0.9238249594813615,0.011345218800648316,0.8347468125556361,0.8291514917830707,0.005595320772565415,episode_id_aligned,diagnostic_only
per_class,dynamic_vs_static,D-A-F,S-A-F,78,6,1.0,0.8333333333333334,0.16666666666666663,0.9351701782820098,0.9238249594813615,0.011345218800648316,0.8347468125556361,0.8291514917830707,0.005595320772565415,episode_id_aligned,diagnostic_only
per_class,dynamic_vs_static,D-A-F,S-A-F,79,6,0.8333333333333334,0.5,0.33333333333333337,0.9351701782820098,0.9238249594813615,0.011345218800648316,0.8347468125556361,0.8291514917830707,0.005595320772565415,episode_id_aligned,diagnostic_only
per_class,dynamic_vs_static,D-A-F,S-A-F,80,6,0.6666666666666666,0.5,0.16666666666666663,0.9351701782820098,0.9238249594813615,0.011345218800648316,0.8347468125556361,0.8291514917830707,0.005595320772565415,episode_id_aligned,diagnostic_only
per_class,dynamic_vs_static,D-A-F,S-A-F,81,6,1.0,1.0,0.0,0.9351701782820098,0.9238249594813615,0.011345218800648316,0.8347468125556361,0.8291514917830707,0.005595320772565415,episode_id_aligned,diagnostic_only
per_class,dynamic_vs_static,D-A-F,S-A-F,82,6,0.8333333333333334,1.0,-0.16666666666666663,0.9351701782820098,0.9238249594813615,0.011345218800648316,0.8347468125556361,0.8291514917830707,0.005595320772565415,episode_id_aligned,diagnostic_only
per_class,dynamic_vs_static,D-A-F,S-A-F,83,6,0.16666666666666666,0.5,-0.33333333333333337,0.9351701782820098,0.9238249594813615,0.011345218800648316,0.8347468125556361,0.8291514917830707,0.005595320772565415,episode_id_aligned,diagnostic_only
per_class,dynamic_vs_static,D-A-F,S-A-F,84,6,1.0,0.3333333333333333,0.6666666666666667,0.9351701782820098,0.9238249594813615,0.011345218800648316,0.8347468125556361,0.8291514917830707,0.005595320772565415,episode_id_aligned,diagnostic_only
per_class,dynamic_vs_static,D-A-F,S-A-F,85,6,1.0,0.5,0.5,0.9351701782820098,0.9238249594813615,0.011345218800648316,0.8347468125556361,0.8291514917830707,0.005595320772565415,episode_id_aligned,diagnostic_only
per_class,dynamic_vs_static,D-A-F,S-A-F,86,6,0.8333333333333334,0.6666666666666666,0.16666666666666674,0.9351701782820098,0.9238249594813615,0.011345218800648316,0.8347468125556361,0.8291514917830707,0.005595320772565415,episode_id_aligned,diagnostic_only
per_class,dynamic_vs_static,D-A-F,S-A-F,87,6,1.0,0.5,0.5,0.9351701782820098,0.9238249594813615,0.011345218800648316,0.8347468125556361,0.8291514917830707,0.005595320772565415,episode_id_aligned,diagnostic_only
per_class,dynamic_vs_static,D-A-F,S-A-F,88,6,0.16666666666666666,0.6666666666666666,-0.5,0.9351701782820098,0.9238249594813615,0.011345218800648316,0.8347468125556361,0.8291514917830707,0.005595320772565415,episode_id_aligned,diagnostic_only
per_class,dynamic_vs_static,D-A-F,S-A-F,89,6,1.0,0.8333333333333334,0.16666666666666663,0.9351701782820098,0.9238249594813615,0.011345218800648316,0.8347468125556361,0.8291514917830707,0.005595320772565415,episode_id_aligned,diagnostic_only
per_class,dynamic_vs_static,D-A-F,S-A-F,90,6,0.5,1.0,-0.5,0.9351701782820098,0.9238249594813615,0.011345218800648316,0.8347468125556361,0.8291514917830707,0.005595320772565415,episode_id_aligned,diagnostic_only
per_class,dynamic_vs_static,D-A-F,S-A-F,91,1,1.0,0.0,1.0,0.9351701782820098,0.9238249594813615,0.011345218800648316,0.8347468125556361,0.8291514917830707,0.005595320772565415,episode_id_aligned,diagnostic_only
per_class,dynamic_vs_static,D-A-F,S-A-F,92,1,1.0,0.0,1.0,0.9351701782820098,0.9238249594813615,0.011345218800648316,0.8347468125556361,0.8291514917830707,0.005595320772565415,episode_id_aligned,diagnostic_only
per_class,dynamic_vs_static,D-A-F,S-A-F,93,1,0.0,0.0,0.0,0.9351701782820098,0.9238249594813615,0.011345218800648316,0.8347468125556361,0.8291514917830707,0.005595320772565415,episode_id_aligned,diagnostic_only
per_class,dynamic_vs_static,D-A-F,S-A-F,94,1,0.0,0.0,0.0,0.9351701782820098,0.9238249594813615,0.011345218800648316,0.8347468125556361,0.8291514917830707,0.005595320772565415,episode_id_aligned,diagnostic_only
per_class,dynamic_vs_static,D-A-F,S-A-F,95,1,1.0,0.0,1.0,0.9351701782820098,0.9238249594813615,0.011345218800648316,0.8347468125556361,0.8291514917830707,0.005595320772565415,episode_id_aligned,diagnostic_only
per_class,dynamic_vs_static,D-A-F,S-A-F,96,1,0.0,1.0,-1.0,0.9351701782820098,0.9238249594813615,0.011345218800648316,0.8347468125556361,0.8291514917830707,0.005595320772565415,episode_id_aligned,diagnostic_only
per_class,dynamic_vs_static,D-A-F,S-A-F,97,1,0.0,0.0,0.0,0.9351701782820098,0.9238249594813615,0.011345218800648316,0.8347468125556361,0.8291514917830707,0.005595320772565415,episode_id_aligned,diagnostic_only
per_class,dynamic_vs_static,D-A-F,S-A-F,98,1,1.0,1.0,0.0,0.9351701782820098,0.9238249594813615,0.011345218800648316,0.8347468125556361,0.8291514917830707,0.005595320772565415,episode_id_aligned,diagnostic_only
per_class,dynamic_vs_static,D-A-F,S-A-F,99,1,0.0,1.0,-1.0,0.9351701782820098,0.9238249594813615,0.011345218800648316,0.8347468125556361,0.8291514917830707,0.005595320772565415,episode_id_aligned,diagnostic_only
per_class,dynamic_vs_static,D-A-F,S-A-F,100,1,0.0,0.0,0.0,0.9351701782820098,0.9238249594813615,0.011345218800648316,0.8347468125556361,0.8291514917830707,0.005595320772565415,episode_id_aligned,diagnostic_only
per_class,dynamic_vs_static,D-A-F,S-A-F,101,1,0.0,1.0,-1.0,0.9351701782820098,0.9238249594813615,0.011345218800648316,0.8347468125556361,0.8291514917830707,0.005595320772565415,episode_id_aligned,diagnostic_only
per_class,dynamic_vs_static,D-A-F,S-A-F,102,1,1.0,0.0,1.0,0.9351701782820098,0.9238249594813615,0.011345218800648316,0.8347468125556361,0.8291514917830707,0.005595320772565415,episode_id_aligned,diagnostic_only
per_class,dynamic_vs_static,D-A-F,S-A-F,103,6,1.0,1.0,0.0,0.9351701782820098,0.9238249594813615,0.011345218800648316,0.8347468125556361,0.8291514917830707,0.005595320772565415,episode_id_aligned,diagnostic_only
per_class,dynamic_vs_static,D-A-F,S-A-F,104,6,1.0,0.8333333333333334,0.16666666666666663,0.9351701782820098,0.9238249594813615,0.011345218800648316,0.8347468125556361,0.8291514917830707,0.005595320772565415,episode_id_aligned,diagnostic_only
per_class,dynamic_vs_static,D-A-F,S-A-F,105,6,1.0,1.0,0.0,0.9351701782820098,0.9238249594813615,0.011345218800648316,0.8347468125556361,0.8291514917830707,0.005595320772565415,episode_id_aligned,diagnostic_only
per_class,dynamic_vs_static,D-A-F,S-A-F,106,6,1.0,1.0,0.0,0.9351701782820098,0.9238249594813615,0.011345218800648316,0.8347468125556361,0.8291514917830707,0.005595320772565415,episode_id_aligned,diagnostic_only
per_class,dynamic_vs_static,D-A-F,S-A-F,107,7,1.0,1.0,0.0,0.9351701782820098,0.9238249594813615,0.011345218800648316,0.8347468125556361,0.8291514917830707,0.005595320772565415,episode_id_aligned,diagnostic_only
per_class,dynamic_vs_static,D-A-F,S-A-F,108,6,1.0,1.0,0.0,0.9351701782820098,0.9238249594813615,0.011345218800648316,0.8347468125556361,0.8291514917830707,0.005595320772565415,episode_id_aligned,diagnostic_only
per_class,dynamic_vs_static,D-A-F,S-A-F,109,6,1.0,1.0,0.0,0.9351701782820098,0.9238249594813615,0.011345218800648316,0.8347468125556361,0.8291514917830707,0.005595320772565415,episode_id_aligned,diagnostic_only
per_class,dynamic_vs_static,D-A-F,S-A-F,110,1,0.0,0.0,0.0,0.9351701782820098,0.9238249594813615,0.011345218800648316,0.8347468125556361,0.8291514917830707,0.005595320772565415,episode_id_aligned,diagnostic_only
per_class,dynamic_vs_static,D-A-F,S-A-F,111,6,1.0,1.0,0.0,0.9351701782820098,0.9238249594813615,0.011345218800648316,0.8347468125556361,0.8291514917830707,0.005595320772565415,episode_id_aligned,diagnostic_only
per_class,dynamic_vs_static,D-A-F,S-A-F,112,7,1.0,1.0,0.0,0.9351701782820098,0.9238249594813615,0.011345218800648316,0.8347468125556361,0.8291514917830707,0.005595320772565415,episode_id_aligned,diagnostic_only
per_class,dynamic_vs_static,D-A-F,S-A-F,113,6,1.0,1.0,0.0,0.9351701782820098,0.9238249594813615,0.011345218800648316,0.8347468125556361,0.8291514917830707,0.005595320772565415,episode_id_aligned,diagnostic_only
per_class,dynamic_vs_static,D-A-F,S-A-F,114,6,1.0,1.0,0.0,0.9351701782820098,0.9238249594813615,0.011345218800648316,0.8347468125556361,0.8291514917830707,0.005595320772565415,episode_id_aligned,diagnostic_only
per_class,dynamic_vs_static,D-A-F,S-A-F,115,6,1.0,1.0,0.0,0.9351701782820098,0.9238249594813615,0.011345218800648316,0.8347468125556361,0.8291514917830707,0.005595320772565415,episode_id_aligned,diagnostic_only
per_class,dynamic_vs_static,D-A-F,S-A-F,116,6,1.0,1.0,0.0,0.9351701782820098,0.9238249594813615,0.011345218800648316,0.8347468125556361,0.8291514917830707,0.005595320772565415,episode_id_aligned,diagnostic_only
per_class,dynamic_vs_static,D-A-F,S-A-F,117,6,1.0,1.0,0.0,0.9351701782820098,0.9238249594813615,0.011345218800648316,0.8347468125556361,0.8291514917830707,0.005595320772565415,episode_id_aligned,diagnostic_only
per_class,dynamic_vs_static,D-A-F,S-A-F,118,6,1.0,1.0,0.0,0.9351701782820098,0.9238249594813615,0.011345218800648316,0.8347468125556361,0.8291514917830707,0.005595320772565415,episode_id_aligned,diagnostic_only
per_class,dynamic_vs_static,D-A-F,S-A-F,119,7,1.0,1.0,0.0,0.9351701782820098,0.9238249594813615,0.011345218800648316,0.8347468125556361,0.8291514917830707,0.005595320772565415,episode_id_aligned,diagnostic_only
per_class,dynamic_vs_static,D-P-L,S-P-L,0,6,1.0,1.0,0.0,0.9611021069692058,0.9708265802269044,-0.00972447325769854,0.9219984644984645,0.9299209124209126,-0.007922447922448117,episode_id_aligned,diagnostic_only
per_class,dynamic_vs_static,D-P-L,S-P-L,1,6,1.0,1.0,0.0,0.9611021069692058,0.9708265802269044,-0.00972447325769854,0.9219984644984645,0.9299209124209126,-0.007922447922448117,episode_id_aligned,diagnostic_only
per_class,dynamic_vs_static,D-P-L,S-P-L,2,6,1.0,1.0,0.0,0.9611021069692058,0.9708265802269044,-0.00972447325769854,0.9219984644984645,0.9299209124209126,-0.007922447922448117,episode_id_aligned,diagnostic_only
per_class,dynamic_vs_static,D-P-L,S-P-L,3,6,1.0,1.0,0.0,0.9611021069692058,0.9708265802269044,-0.00972447325769854,0.9219984644984645,0.9299209124209126,-0.007922447922448117,episode_id_aligned,diagnostic_only
per_class,dynamic_vs_static,D-P-L,S-P-L,4,5,1.0,1.0,0.0,0.9611021069692058,0.9708265802269044,-0.00972447325769854,0.9219984644984645,0.9299209124209126,-0.007922447922448117,episode_id_aligned,diagnostic_only
per_class,dynamic_vs_static,D-P-L,S-P-L,5,6,1.0,1.0,0.0,0.9611021069692058,0.9708265802269044,-0.00972447325769854,0.9219984644984645,0.9299209124209126,-0.007922447922448117,episode_id_aligned,diagnostic_only
per_class,dynamic_vs_static,D-P-L,S-P-L,6,6,1.0,1.0,0.0,0.9611021069692058,0.9708265802269044,-0.00972447325769854,0.9219984644984645,0.9299209124209126,-0.007922447922448117,episode_id_aligned,diagnostic_only
per_class,dynamic_vs_static,D-P-L,S-P-L,7,6,0.6666666666666666,0.8333333333333334,-0.16666666666666674,0.9611021069692058,0.9708265802269044,-0.00972447325769854,0.9219984644984645,0.9299209124209126,-0.007922447922448117,episode_id_aligned,diagnostic_only
per_class,dynamic_vs_static,D-P-L,S-P-L,8,6,0.8333333333333334,1.0,-0.16666666666666663,0.9611021069692058,0.9708265802269044,-0.00972447325769854,0.9219984644984645,0.9299209124209126,-0.007922447922448117,episode_id_aligned,diagnostic_only
per_class,dynamic_vs_static,D-P-L,S-P-L,9,6,1.0,1.0,0.0,0.9611021069692058,0.9708265802269044,-0.00972447325769854,0.9219984644984645,0.9299209124209126,-0.007922447922448117,episode_id_aligned,diagnostic_only
per_class,dynamic_vs_static,D-P-L,S-P-L,10,6,1.0,1.0,0.0,0.9611021069692058,0.9708265802269044,-0.00972447325769854,0.9219984644984645,0.9299209124209126,-0.007922447922448117,episode_id_aligned,diagnostic_only
per_class,dynamic_vs_static,D-P-L,S-P-L,11,7,1.0,1.0,0.0,0.9611021069692058,0.9708265802269044,-0.00972447325769854,0.9219984644984645,0.9299209124209126,-0.007922447922448117,episode_id_aligned,diagnostic_only
per_class,dynamic_vs_static,D-P-L,S-P-L,12,6,1.0,1.0,0.0,0.9611021069692058,0.9708265802269044,-0.00972447325769854,0.9219984644984645,0.9299209124209126,-0.007922447922448117,episode_id_aligned,diagnostic_only
per_class,dynamic_vs_static,D-P-L,S-P-L,13,6,1.0,1.0,0.0,0.9611021069692058,0.9708265802269044,-0.00972447325769854,0.9219984644984645,0.9299209124209126,-0.007922447922448117,episode_id_aligned,diagnostic_only
per_class,dynamic_vs_static,D-P-L,S-P-L,14,6,1.0,1.0,0.0,0.9611021069692058,0.9708265802269044,-0.00972447325769854,0.9219984644984645,0.9299209124209126,-0.007922447922448117,episode_id_aligned,diagnostic_only
per_class,dynamic_vs_static,D-P-L,S-P-L,15,7,1.0,1.0,0.0,0.9611021069692058,0.9708265802269044,-0.00972447325769854,0.9219984644984645,0.9299209124209126,-0.007922447922448117,episode_id_aligned,diagnostic_only
per_class,dynamic_vs_static,D-P-L,S-P-L,16,7,1.0,1.0,0.0,0.9611021069692058,0.9708265802269044,-0.00972447325769854,0.9219984644984645,0.9299209124209126,-0.007922447922448117,episode_id_aligned,diagnostic_only
per_class,dynamic_vs_static,D-P-L,S-P-L,17,6,1.0,1.0,0.0,0.9611021069692058,0.9708265802269044,-0.00972447325769854,0.9219984644984645,0.9299209124209126,-0.007922447922448117,episode_id_aligned,diagnostic_only
per_class,dynamic_vs_static,D-P-L,S-P-L,18,6,1.0,1.0,0.0,0.9611021069692058,0.9708265802269044,-0.00972447325769854,0.9219984644984645,0.9299209124209126,-0.007922447922448117,episode_id_aligned,diagnostic_only
per_class,dynamic_vs_static,D-P-L,S-P-L,19,6,1.0,1.0,0.0,0.9611021069692058,0.9708265802269044,-0.00972447325769854,0.9219984644984645,0.9299209124209126,-0.007922447922448117,episode_id_aligned,diagnostic_only
per_class,dynamic_vs_static,D-P-L,S-P-L,20,6,1.0,1.0,0.0,0.9611021069692058,0.9708265802269044,-0.00972447325769854,0.9219984644984645,0.9299209124209126,-0.007922447922448117,episode_id_aligned,diagnostic_only
per_class,dynamic_vs_static,D-P-L,S-P-L,21,6,1.0,1.0,0.0,0.9611021069692058,0.9708265802269044,-0.00972447325769854,0.9219984644984645,0.9299209124209126,-0.007922447922448117,episode_id_aligned,diagnostic_only
per_class,dynamic_vs_static,D-P-L,S-P-L,22,6,1.0,1.0,0.0,0.9611021069692058,0.9708265802269044,-0.00972447325769854,0.9219984644984645,0.9299209124209126,-0.007922447922448117,episode_id_aligned,diagnostic_only
per_class,dynamic_vs_static,D-P-L,S-P-L,23,6,1.0,1.0,0.0,0.9611021069692058,0.9708265802269044,-0.00972447325769854,0.9219984644984645,0.9299209124209126,-0.007922447922448117,episode_id_aligned,diagnostic_only
per_class,dynamic_vs_static,D-P-L,S-P-L,24,6,1.0,1.0,0.0,0.9611021069692058,0.9708265802269044,-0.00972447325769854,0.9219984644984645,0.9299209124209126,-0.007922447922448117,episode_id_aligned,diagnostic_only
per_class,dynamic_vs_static,D-P-L,S-P-L,25,6,1.0,1.0,0.0,0.9611021069692058,0.9708265802269044,-0.00972447325769854,0.9219984644984645,0.9299209124209126,-0.007922447922448117,episode_id_aligned,diagnostic_only
per_class,dynamic_vs_static,D-P-L,S-P-L,26,6,1.0,1.0,0.0,0.9611021069692058,0.9708265802269044,-0.00972447325769854,0.9219984644984645,0.9299209124209126,-0.007922447922448117,episode_id_aligned,diagnostic_only
per_class,dynamic_vs_static,D-P-L,S-P-L,27,6,1.0,1.0,0.0,0.9611021069692058,0.9708265802269044,-0.00972447325769854,0.9219984644984645,0.9299209124209126,-0.007922447922448117,episode_id_aligned,diagnostic_only
per_class,dynamic_vs_static,D-P-L,S-P-L,28,11,1.0,1.0,0.0,0.9611021069692058,0.9708265802269044,-0.00972447325769854,0.9219984644984645,0.9299209124209126,-0.007922447922448117,episode_id_aligned,diagnostic_only
per_class,dynamic_vs_static,D-P-L,S-P-L,29,12,1.0,1.0,0.0,0.9611021069692058,0.9708265802269044,-0.00972447325769854,0.9219984644984645,0.9299209124209126,-0.007922447922448117,episode_id_aligned,diagnostic_only
per_class,dynamic_vs_static,D-P-L,S-P-L,30,6,1.0,1.0,0.0,0.9611021069692058,0.9708265802269044,-0.00972447325769854,0.9219984644984645,0.9299209124209126,-0.007922447922448117,episode_id_aligned,diagnostic_only
per_class,dynamic_vs_static,D-P-L,S-P-L,31,6,1.0,1.0,0.0,0.9611021069692058,0.9708265802269044,-0.00972447325769854,0.9219984644984645,0.9299209124209126,-0.007922447922448117,episode_id_aligned,diagnostic_only
per_class,dynamic_vs_static,D-P-L,S-P-L,32,6,1.0,1.0,0.0,0.9611021069692058,0.9708265802269044,-0.00972447325769854,0.9219984644984645,0.9299209124209126,-0.007922447922448117,episode_id_aligned,diagnostic_only
per_class,dynamic_vs_static,D-P-L,S-P-L,33,6,1.0,1.0,0.0,0.9611021069692058,0.9708265802269044,-0.00972447325769854,0.9219984644984645,0.9299209124209126,-0.007922447922448117,episode_id_aligned,diagnostic_only
per_class,dynamic_vs_static,D-P-L,S-P-L,34,6,1.0,1.0,0.0,0.9611021069692058,0.9708265802269044,-0.00972447325769854,0.9219984644984645,0.9299209124209126,-0.007922447922448117,episode_id_aligned,diagnostic_only
per_class,dynamic_vs_static,D-P-L,S-P-L,35,6,1.0,1.0,0.0,0.9611021069692058,0.9708265802269044,-0.00972447325769854,0.9219984644984645,0.9299209124209126,-0.007922447922448117,episode_id_aligned,diagnostic_only
per_class,dynamic_vs_static,D-P-L,S-P-L,36,6,1.0,1.0,0.0,0.9611021069692058,0.9708265802269044,-0.00972447325769854,0.9219984644984645,0.9299209124209126,-0.007922447922448117,episode_id_aligned,diagnostic_only
per_class,dynamic_vs_static,D-P-L,S-P-L,37,6,1.0,1.0,0.0,0.9611021069692058,0.9708265802269044,-0.00972447325769854,0.9219984644984645,0.9299209124209126,-0.007922447922448117,episode_id_aligned,diagnostic_only
per_class,dynamic_vs_static,D-P-L,S-P-L,38,6,1.0,1.0,0.0,0.9611021069692058,0.9708265802269044,-0.00972447325769854,0.9219984644984645,0.9299209124209126,-0.007922447922448117,episode_id_aligned,diagnostic_only
per_class,dynamic_vs_static,D-P-L,S-P-L,39,12,1.0,1.0,0.0,0.9611021069692058,0.9708265802269044,-0.00972447325769854,0.9219984644984645,0.9299209124209126,-0.007922447922448117,episode_id_aligned,diagnostic_only
per_class,dynamic_vs_static,D-P-L,S-P-L,40,6,1.0,1.0,0.0,0.9611021069692058,0.9708265802269044,-0.00972447325769854,0.9219984644984645,0.9299209124209126,-0.007922447922448117,episode_id_aligned,diagnostic_only
per_class,dynamic_vs_static,D-P-L,S-P-L,41,6,1.0,1.0,0.0,0.9611021069692058,0.9708265802269044,-0.00972447325769854,0.9219984644984645,0.9299209124209126,-0.007922447922448117,episode_id_aligned,diagnostic_only
per_class,dynamic_vs_static,D-P-L,S-P-L,42,6,1.0,1.0,0.0,0.9611021069692058,0.9708265802269044,-0.00972447325769854,0.9219984644984645,0.9299209124209126,-0.007922447922448117,episode_id_aligned,diagnostic_only
per_class,dynamic_vs_static,D-P-L,S-P-L,43,6,1.0,1.0,0.0,0.9611021069692058,0.9708265802269044,-0.00972447325769854,0.9219984644984645,0.9299209124209126,-0.007922447922448117,episode_id_aligned,diagnostic_only
per_class,dynamic_vs_static,D-P-L,S-P-L,44,7,1.0,1.0,0.0,0.9611021069692058,0.9708265802269044,-0.00972447325769854,0.9219984644984645,0.9299209124209126,-0.007922447922448117,episode_id_aligned,diagnostic_only
per_class,dynamic_vs_static,D-P-L,S-P-L,45,6,1.0,1.0,0.0,0.9611021069692058,0.9708265802269044,-0.00972447325769854,0.9219984644984645,0.9299209124209126,-0.007922447922448117,episode_id_aligned,diagnostic_only
per_class,dynamic_vs_static,D-P-L,S-P-L,46,6,1.0,1.0,0.0,0.9611021069692058,0.9708265802269044,-0.00972447325769854,0.9219984644984645,0.9299209124209126,-0.007922447922448117,episode_id_aligned,diagnostic_only
per_class,dynamic_vs_static,D-P-L,S-P-L,47,6,1.0,1.0,0.0,0.9611021069692058,0.9708265802269044,-0.00972447325769854,0.9219984644984645,0.9299209124209126,-0.007922447922448117,episode_id_aligned,diagnostic_only
per_class,dynamic_vs_static,D-P-L,S-P-L,48,6,1.0,1.0,0.0,0.9611021069692058,0.9708265802269044,-0.00972447325769854,0.9219984644984645,0.9299209124209126,-0.007922447922448117,episode_id_aligned,diagnostic_only
per_class,dynamic_vs_static,D-P-L,S-P-L,49,6,1.0,1.0,0.0,0.9611021069692058,0.9708265802269044,-0.00972447325769854,0.9219984644984645,0.9299209124209126,-0.007922447922448117,episode_id_aligned,diagnostic_only
per_class,dynamic_vs_static,D-P-L,S-P-L,50,5,1.0,1.0,0.0,0.9611021069692058,0.9708265802269044,-0.00972447325769854,0.9219984644984645,0.9299209124209126,-0.007922447922448117,episode_id_aligned,diagnostic_only
per_class,dynamic_vs_static,D-P-L,S-P-L,51,6,1.0,1.0,0.0,0.9611021069692058,0.9708265802269044,-0.00972447325769854,0.9219984644984645,0.9299209124209126,-0.007922447922448117,episode_id_aligned,diagnostic_only
per_class,dynamic_vs_static,D-P-L,S-P-L,52,6,1.0,1.0,0.0,0.9611021069692058,0.9708265802269044,-0.00972447325769854,0.9219984644984645,0.9299209124209126,-0.007922447922448117,episode_id_aligned,diagnostic_only
per_class,dynamic_vs_static,D-P-L,S-P-L,53,6,1.0,1.0,0.0,0.9611021069692058,0.9708265802269044,-0.00972447325769854,0.9219984644984645,0.9299209124209126,-0.007922447922448117,episode_id_aligned,diagnostic_only
per_class,dynamic_vs_static,D-P-L,S-P-L,54,6,1.0,1.0,0.0,0.9611021069692058,0.9708265802269044,-0.00972447325769854,0.9219984644984645,0.9299209124209126,-0.007922447922448117,episode_id_aligned,diagnostic_only
per_class,dynamic_vs_static,D-P-L,S-P-L,55,6,1.0,1.0,0.0,0.9611021069692058,0.9708265802269044,-0.00972447325769854,0.9219984644984645,0.9299209124209126,-0.007922447922448117,episode_id_aligned,diagnostic_only
per_class,dynamic_vs_static,D-P-L,S-P-L,56,6,1.0,1.0,0.0,0.9611021069692058,0.9708265802269044,-0.00972447325769854,0.9219984644984645,0.9299209124209126,-0.007922447922448117,episode_id_aligned,diagnostic_only
per_class,dynamic_vs_static,D-P-L,S-P-L,57,6,1.0,1.0,0.0,0.9611021069692058,0.9708265802269044,-0.00972447325769854,0.9219984644984645,0.9299209124209126,-0.007922447922448117,episode_id_aligned,diagnostic_only
per_class,dynamic_vs_static,D-P-L,S-P-L,58,6,1.0,1.0,0.0,0.9611021069692058,0.9708265802269044,-0.00972447325769854,0.9219984644984645,0.9299209124209126,-0.007922447922448117,episode_id_aligned,diagnostic_only
per_class,dynamic_vs_static,D-P-L,S-P-L,59,6,1.0,1.0,0.0,0.9611021069692058,0.9708265802269044,-0.00972447325769854,0.9219984644984645,0.9299209124209126,-0.007922447922448117,episode_id_aligned,diagnostic_only
per_class,dynamic_vs_static,D-P-L,S-P-L,60,6,1.0,1.0,0.0,0.9611021069692058,0.9708265802269044,-0.00972447325769854,0.9219984644984645,0.9299209124209126,-0.007922447922448117,episode_id_aligned,diagnostic_only
per_class,dynamic_vs_static,D-P-L,S-P-L,61,1,0.0,1.0,-1.0,0.9611021069692058,0.9708265802269044,-0.00972447325769854,0.9219984644984645,0.9299209124209126,-0.007922447922448117,episode_id_aligned,diagnostic_only
per_class,dynamic_vs_static,D-P-L,S-P-L,62,1,1.0,1.0,0.0,0.9611021069692058,0.9708265802269044,-0.00972447325769854,0.9219984644984645,0.9299209124209126,-0.007922447922448117,episode_id_aligned,diagnostic_only
per_class,dynamic_vs_static,D-P-L,S-P-L,63,1,1.0,1.0,0.0,0.9611021069692058,0.9708265802269044,-0.00972447325769854,0.9219984644984645,0.9299209124209126,-0.007922447922448117,episode_id_aligned,diagnostic_only
per_class,dynamic_vs_static,D-P-L,S-P-L,64,1,1.0,1.0,0.0,0.9611021069692058,0.9708265802269044,-0.00972447325769854,0.9219984644984645,0.9299209124209126,-0.007922447922448117,episode_id_aligned,diagnostic_only
per_class,dynamic_vs_static,D-P-L,S-P-L,65,1,1.0,1.0,0.0,0.9611021069692058,0.9708265802269044,-0.00972447325769854,0.9219984644984645,0.9299209124209126,-0.007922447922448117,episode_id_aligned,diagnostic_only
per_class,dynamic_vs_static,D-P-L,S-P-L,66,1,1.0,1.0,0.0,0.9611021069692058,0.9708265802269044,-0.00972447325769854,0.9219984644984645,0.9299209124209126,-0.007922447922448117,episode_id_aligned,diagnostic_only
per_class,dynamic_vs_static,D-P-L,S-P-L,67,1,0.0,0.0,0.0,0.9611021069692058,0.9708265802269044,-0.00972447325769854,0.9219984644984645,0.9299209124209126,-0.007922447922448117,episode_id_aligned,diagnostic_only
per_class,dynamic_vs_static,D-P-L,S-P-L,68,1,1.0,1.0,0.0,0.9611021069692058,0.9708265802269044,-0.00972447325769854,0.9219984644984645,0.9299209124209126,-0.007922447922448117,episode_id_aligned,diagnostic_only
per_class,dynamic_vs_static,D-P-L,S-P-L,69,1,1.0,1.0,0.0,0.9611021069692058,0.9708265802269044,-0.00972447325769854,0.9219984644984645,0.9299209124209126,-0.007922447922448117,episode_id_aligned,diagnostic_only
per_class,dynamic_vs_static,D-P-L,S-P-L,70,1,1.0,1.0,0.0,0.9611021069692058,0.9708265802269044,-0.00972447325769854,0.9219984644984645,0.9299209124209126,-0.007922447922448117,episode_id_aligned,diagnostic_only
per_class,dynamic_vs_static,D-P-L,S-P-L,71,1,1.0,1.0,0.0,0.9611021069692058,0.9708265802269044,-0.00972447325769854,0.9219984644984645,0.9299209124209126,-0.007922447922448117,episode_id_aligned,diagnostic_only
per_class,dynamic_vs_static,D-P-L,S-P-L,72,1,1.0,1.0,0.0,0.9611021069692058,0.9708265802269044,-0.00972447325769854,0.9219984644984645,0.9299209124209126,-0.007922447922448117,episode_id_aligned,diagnostic_only
per_class,dynamic_vs_static,D-P-L,S-P-L,73,6,1.0,1.0,0.0,0.9611021069692058,0.9708265802269044,-0.00972447325769854,0.9219984644984645,0.9299209124209126,-0.007922447922448117,episode_id_aligned,diagnostic_only
per_class,dynamic_vs_static,D-P-L,S-P-L,74,6,0.6666666666666666,0.8333333333333334,-0.16666666666666674,0.9611021069692058,0.9708265802269044,-0.00972447325769854,0.9219984644984645,0.9299209124209126,-0.007922447922448117,episode_id_aligned,diagnostic_only
per_class,dynamic_vs_static,D-P-L,S-P-L,75,6,1.0,0.8333333333333334,0.16666666666666663,0.9611021069692058,0.9708265802269044,-0.00972447325769854,0.9219984644984645,0.9299209124209126,-0.007922447922448117,episode_id_aligned,diagnostic_only
per_class,dynamic_vs_static,D-P-L,S-P-L,76,6,0.8333333333333334,1.0,-0.16666666666666663,0.9611021069692058,0.9708265802269044,-0.00972447325769854,0.9219984644984645,0.9299209124209126,-0.007922447922448117,episode_id_aligned,diagnostic_only
per_class,dynamic_vs_static,D-P-L,S-P-L,77,6,0.8333333333333334,0.8333333333333334,0.0,0.9611021069692058,0.9708265802269044,-0.00972447325769854,0.9219984644984645,0.9299209124209126,-0.007922447922448117,episode_id_aligned,diagnostic_only
per_class,dynamic_vs_static,D-P-L,S-P-L,78,6,1.0,1.0,0.0,0.9611021069692058,0.9708265802269044,-0.00972447325769854,0.9219984644984645,0.9299209124209126,-0.007922447922448117,episode_id_aligned,diagnostic_only
per_class,dynamic_vs_static,D-P-L,S-P-L,79,6,1.0,1.0,0.0,0.9611021069692058,0.9708265802269044,-0.00972447325769854,0.9219984644984645,0.9299209124209126,-0.007922447922448117,episode_id_aligned,diagnostic_only
per_class,dynamic_vs_static,D-P-L,S-P-L,80,6,0.8333333333333334,0.6666666666666666,0.16666666666666674,0.9611021069692058,0.9708265802269044,-0.00972447325769854,0.9219984644984645,0.9299209124209126,-0.007922447922448117,episode_id_aligned,diagnostic_only
per_class,dynamic_vs_static,D-P-L,S-P-L,81,6,1.0,1.0,0.0,0.9611021069692058,0.9708265802269044,-0.00972447325769854,0.9219984644984645,0.9299209124209126,-0.007922447922448117,episode_id_aligned,diagnostic_only
per_class,dynamic_vs_static,D-P-L,S-P-L,82,6,1.0,1.0,0.0,0.9611021069692058,0.9708265802269044,-0.00972447325769854,0.9219984644984645,0.9299209124209126,-0.007922447922448117,episode_id_aligned,diagnostic_only
per_class,dynamic_vs_static,D-P-L,S-P-L,83,6,0.6666666666666666,1.0,-0.33333333333333337,0.9611021069692058,0.9708265802269044,-0.00972447325769854,0.9219984644984645,0.9299209124209126,-0.007922447922448117,episode_id_aligned,diagnostic_only
per_class,dynamic_vs_static,D-P-L,S-P-L,84,6,0.3333333333333333,0.8333333333333334,-0.5,0.9611021069692058,0.9708265802269044,-0.00972447325769854,0.9219984644984645,0.9299209124209126,-0.007922447922448117,episode_id_aligned,diagnostic_only
per_class,dynamic_vs_static,D-P-L,S-P-L,85,6,1.0,0.8333333333333334,0.16666666666666663,0.9611021069692058,0.9708265802269044,-0.00972447325769854,0.9219984644984645,0.9299209124209126,-0.007922447922448117,episode_id_aligned,diagnostic_only
per_class,dynamic_vs_static,D-P-L,S-P-L,86,6,0.8333333333333334,1.0,-0.16666666666666663,0.9611021069692058,0.9708265802269044,-0.00972447325769854,0.9219984644984645,0.9299209124209126,-0.007922447922448117,episode_id_aligned,diagnostic_only
per_class,dynamic_vs_static,D-P-L,S-P-L,87,6,0.5,0.8333333333333334,-0.33333333333333337,0.9611021069692058,0.9708265802269044,-0.00972447325769854,0.9219984644984645,0.9299209124209126,-0.007922447922448117,episode_id_aligned,diagnostic_only
per_class,dynamic_vs_static,D-P-L,S-P-L,88,6,1.0,0.8333333333333334,0.16666666666666663,0.9611021069692058,0.9708265802269044,-0.00972447325769854,0.9219984644984645,0.9299209124209126,-0.007922447922448117,episode_id_aligned,diagnostic_only
per_class,dynamic_vs_static,D-P-L,S-P-L,89,6,1.0,1.0,0.0,0.9611021069692058,0.9708265802269044,-0.00972447325769854,0.9219984644984645,0.9299209124209126,-0.007922447922448117,episode_id_aligned,diagnostic_only
per_class,dynamic_vs_static,D-P-L,S-P-L,90,6,0.8333333333333334,0.6666666666666666,0.16666666666666674,0.9611021069692058,0.9708265802269044,-0.00972447325769854,0.9219984644984645,0.9299209124209126,-0.007922447922448117,episode_id_aligned,diagnostic_only
per_class,dynamic_vs_static,D-P-L,S-P-L,91,1,1.0,0.0,1.0,0.9611021069692058,0.9708265802269044,-0.00972447325769854,0.9219984644984645,0.9299209124209126,-0.007922447922448117,episode_id_aligned,diagnostic_only
per_class,dynamic_vs_static,D-P-L,S-P-L,92,1,1.0,1.0,0.0,0.9611021069692058,0.9708265802269044,-0.00972447325769854,0.9219984644984645,0.9299209124209126,-0.007922447922448117,episode_id_aligned,diagnostic_only
per_class,dynamic_vs_static,D-P-L,S-P-L,93,1,1.0,1.0,0.0,0.9611021069692058,0.9708265802269044,-0.00972447325769854,0.9219984644984645,0.9299209124209126,-0.007922447922448117,episode_id_aligned,diagnostic_only
per_class,dynamic_vs_static,D-P-L,S-P-L,94,1,0.0,0.0,0.0,0.9611021069692058,0.9708265802269044,-0.00972447325769854,0.9219984644984645,0.9299209124209126,-0.007922447922448117,episode_id_aligned,diagnostic_only
per_class,dynamic_vs_static,D-P-L,S-P-L,95,1,1.0,1.0,0.0,0.9611021069692058,0.9708265802269044,-0.00972447325769854,0.9219984644984645,0.9299209124209126,-0.007922447922448117,episode_id_aligned,diagnostic_only
per_class,dynamic_vs_static,D-P-L,S-P-L,96,1,1.0,1.0,0.0,0.9611021069692058,0.9708265802269044,-0.00972447325769854,0.9219984644984645,0.9299209124209126,-0.007922447922448117,episode_id_aligned,diagnostic_only
per_class,dynamic_vs_static,D-P-L,S-P-L,97,1,0.0,0.0,0.0,0.9611021069692058,0.9708265802269044,-0.00972447325769854,0.9219984644984645,0.9299209124209126,-0.007922447922448117,episode_id_aligned,diagnostic_only
per_class,dynamic_vs_static,D-P-L,S-P-L,98,1,1.0,1.0,0.0,0.9611021069692058,0.9708265802269044,-0.00972447325769854,0.9219984644984645,0.9299209124209126,-0.007922447922448117,episode_id_aligned,diagnostic_only
per_class,dynamic_vs_static,D-P-L,S-P-L,99,1,1.0,1.0,0.0,0.9611021069692058,0.9708265802269044,-0.00972447325769854,0.9219984644984645,0.9299209124209126,-0.007922447922448117,episode_id_aligned,diagnostic_only
per_class,dynamic_vs_static,D-P-L,S-P-L,100,1,1.0,1.0,0.0,0.9611021069692058,0.9708265802269044,-0.00972447325769854,0.9219984644984645,0.9299209124209126,-0.007922447922448117,episode_id_aligned,diagnostic_only
per_class,dynamic_vs_static,D-P-L,S-P-L,101,1,0.0,0.0,0.0,0.9611021069692058,0.9708265802269044,-0.00972447325769854,0.9219984644984645,0.9299209124209126,-0.007922447922448117,episode_id_aligned,diagnostic_only
per_class,dynamic_vs_static,D-P-L,S-P-L,102,1,1.0,0.0,1.0,0.9611021069692058,0.9708265802269044,-0.00972447325769854,0.9219984644984645,0.9299209124209126,-0.007922447922448117,episode_id_aligned,diagnostic_only
per_class,dynamic_vs_static,D-P-L,S-P-L,103,6,1.0,1.0,0.0,0.9611021069692058,0.9708265802269044,-0.00972447325769854,0.9219984644984645,0.9299209124209126,-0.007922447922448117,episode_id_aligned,diagnostic_only
per_class,dynamic_vs_static,D-P-L,S-P-L,104,6,1.0,1.0,0.0,0.9611021069692058,0.9708265802269044,-0.00972447325769854,0.9219984644984645,0.9299209124209126,-0.007922447922448117,episode_id_aligned,diagnostic_only
per_class,dynamic_vs_static,D-P-L,S-P-L,105,6,1.0,1.0,0.0,0.9611021069692058,0.9708265802269044,-0.00972447325769854,0.9219984644984645,0.9299209124209126,-0.007922447922448117,episode_id_aligned,diagnostic_only
per_class,dynamic_vs_static,D-P-L,S-P-L,106,6,1.0,1.0,0.0,0.9611021069692058,0.9708265802269044,-0.00972447325769854,0.9219984644984645,0.9299209124209126,-0.007922447922448117,episode_id_aligned,diagnostic_only
per_class,dynamic_vs_static,D-P-L,S-P-L,107,7,1.0,1.0,0.0,0.9611021069692058,0.9708265802269044,-0.00972447325769854,0.9219984644984645,0.9299209124209126,-0.007922447922448117,episode_id_aligned,diagnostic_only
per_class,dynamic_vs_static,D-P-L,S-P-L,108,6,1.0,1.0,0.0,0.9611021069692058,0.9708265802269044,-0.00972447325769854,0.9219984644984645,0.9299209124209126,-0.007922447922448117,episode_id_aligned,diagnostic_only
per_class,dynamic_vs_static,D-P-L,S-P-L,109,6,1.0,1.0,0.0,0.9611021069692058,0.9708265802269044,-0.00972447325769854,0.9219984644984645,0.9299209124209126,-0.007922447922448117,episode_id_aligned,diagnostic_only
per_class,dynamic_vs_static,D-P-L,S-P-L,110,1,1.0,1.0,0.0,0.9611021069692058,0.9708265802269044,-0.00972447325769854,0.9219984644984645,0.9299209124209126,-0.007922447922448117,episode_id_aligned,diagnostic_only
per_class,dynamic_vs_static,D-P-L,S-P-L,111,6,1.0,1.0,0.0,0.9611021069692058,0.9708265802269044,-0.00972447325769854,0.9219984644984645,0.9299209124209126,-0.007922447922448117,episode_id_aligned,diagnostic_only
per_class,dynamic_vs_static,D-P-L,S-P-L,112,7,1.0,1.0,0.0,0.9611021069692058,0.9708265802269044,-0.00972447325769854,0.9219984644984645,0.9299209124209126,-0.007922447922448117,episode_id_aligned,diagnostic_only
per_class,dynamic_vs_static,D-P-L,S-P-L,113,6,1.0,1.0,0.0,0.9611021069692058,0.9708265802269044,-0.00972447325769854,0.9219984644984645,0.9299209124209126,-0.007922447922448117,episode_id_aligned,diagnostic_only
per_class,dynamic_vs_static,D-P-L,S-P-L,114,6,1.0,1.0,0.0,0.9611021069692058,0.9708265802269044,-0.00972447325769854,0.9219984644984645,0.9299209124209126,-0.007922447922448117,episode_id_aligned,diagnostic_only
per_class,dynamic_vs_static,D-P-L,S-P-L,115,6,1.0,1.0,0.0,0.9611021069692058,0.9708265802269044,-0.00972447325769854,0.9219984644984645,0.9299209124209126,-0.007922447922448117,episode_id_aligned,diagnostic_only
per_class,dynamic_vs_static,D-P-L,S-P-L,116,6,1.0,1.0,0.0,0.9611021069692058,0.9708265802269044,-0.00972447325769854,0.9219984644984645,0.9299209124209126,-0.007922447922448117,episode_id_aligned,diagnostic_only
per_class,dynamic_vs_static,D-P-L,S-P-L,117,6,1.0,1.0,0.0,0.9611021069692058,0.9708265802269044,-0.00972447325769854,0.9219984644984645,0.9299209124209126,-0.007922447922448117,episode_id_aligned,diagnostic_only
per_class,dynamic_vs_static,D-P-L,S-P-L,118,6,1.0,1.0,0.0,0.9611021069692058,0.9708265802269044,-0.00972447325769854,0.9219984644984645,0.9299209124209126,-0.007922447922448117,episode_id_aligned,diagnostic_only
per_class,dynamic_vs_static,D-P-L,S-P-L,119,7,1.0,1.0,0.0,0.9611021069692058,0.9708265802269044,-0.00972447325769854,0.9219984644984645,0.9299209124209126,-0.007922447922448117,episode_id_aligned,diagnostic_only
per_class,dynamic_vs_static,D-A-L,S-A-L,0,6,1.0,1.0,0.0,0.9384116693679092,0.9497568881685575,-0.011345218800648316,0.8212797339113128,0.8865461893179284,-0.06526645540661558,episode_id_aligned,diagnostic_only
per_class,dynamic_vs_static,D-A-L,S-A-L,1,6,1.0,1.0,0.0,0.9384116693679092,0.9497568881685575,-0.011345218800648316,0.8212797339113128,0.8865461893179284,-0.06526645540661558,episode_id_aligned,diagnostic_only
per_class,dynamic_vs_static,D-A-L,S-A-L,2,6,1.0,1.0,0.0,0.9384116693679092,0.9497568881685575,-0.011345218800648316,0.8212797339113128,0.8865461893179284,-0.06526645540661558,episode_id_aligned,diagnostic_only
per_class,dynamic_vs_static,D-A-L,S-A-L,3,6,1.0,1.0,0.0,0.9384116693679092,0.9497568881685575,-0.011345218800648316,0.8212797339113128,0.8865461893179284,-0.06526645540661558,episode_id_aligned,diagnostic_only
per_class,dynamic_vs_static,D-A-L,S-A-L,4,5,1.0,1.0,0.0,0.9384116693679092,0.9497568881685575,-0.011345218800648316,0.8212797339113128,0.8865461893179284,-0.06526645540661558,episode_id_aligned,diagnostic_only
per_class,dynamic_vs_static,D-A-L,S-A-L,5,6,1.0,1.0,0.0,0.9384116693679092,0.9497568881685575,-0.011345218800648316,0.8212797339113128,0.8865461893179284,-0.06526645540661558,episode_id_aligned,diagnostic_only
per_class,dynamic_vs_static,D-A-L,S-A-L,6,6,1.0,1.0,0.0,0.9384116693679092,0.9497568881685575,-0.011345218800648316,0.8212797339113128,0.8865461893179284,-0.06526645540661558,episode_id_aligned,diagnostic_only
per_class,dynamic_vs_static,D-A-L,S-A-L,7,6,1.0,1.0,0.0,0.9384116693679092,0.9497568881685575,-0.011345218800648316,0.8212797339113128,0.8865461893179284,-0.06526645540661558,episode_id_aligned,diagnostic_only
per_class,dynamic_vs_static,D-A-L,S-A-L,8,6,1.0,1.0,0.0,0.9384116693679092,0.9497568881685575,-0.011345218800648316,0.8212797339113128,0.8865461893179284,-0.06526645540661558,episode_id_aligned,diagnostic_only
per_class,dynamic_vs_static,D-A-L,S-A-L,9,6,1.0,1.0,0.0,0.9384116693679092,0.9497568881685575,-0.011345218800648316,0.8212797339113128,0.8865461893179284,-0.06526645540661558,episode_id_aligned,diagnostic_only
per_class,dynamic_vs_static,D-A-L,S-A-L,10,6,1.0,1.0,0.0,0.9384116693679092,0.9497568881685575,-0.011345218800648316,0.8212797339113128,0.8865461893179284,-0.06526645540661558,episode_id_aligned,diagnostic_only
per_class,dynamic_vs_static,D-A-L,S-A-L,11,7,1.0,1.0,0.0,0.9384116693679092,0.9497568881685575,-0.011345218800648316,0.8212797339113128,0.8865461893179284,-0.06526645540661558,episode_id_aligned,diagnostic_only
per_class,dynamic_vs_static,D-A-L,S-A-L,12,6,1.0,1.0,0.0,0.9384116693679092,0.9497568881685575,-0.011345218800648316,0.8212797339113128,0.8865461893179284,-0.06526645540661558,episode_id_aligned,diagnostic_only
per_class,dynamic_vs_static,D-A-L,S-A-L,13,6,1.0,1.0,0.0,0.9384116693679092,0.9497568881685575,-0.011345218800648316,0.8212797339113128,0.8865461893179284,-0.06526645540661558,episode_id_aligned,diagnostic_only
per_class,dynamic_vs_static,D-A-L,S-A-L,14,6,1.0,1.0,0.0,0.9384116693679092,0.9497568881685575,-0.011345218800648316,0.8212797339113128,0.8865461893179284,-0.06526645540661558,episode_id_aligned,diagnostic_only
per_class,dynamic_vs_static,D-A-L,S-A-L,15,7,0.8571428571428571,1.0,-0.1428571428571429,0.9384116693679092,0.9497568881685575,-0.011345218800648316,0.8212797339113128,0.8865461893179284,-0.06526645540661558,episode_id_aligned,diagnostic_only
per_class,dynamic_vs_static,D-A-L,S-A-L,16,7,1.0,1.0,0.0,0.9384116693679092,0.9497568881685575,-0.011345218800648316,0.8212797339113128,0.8865461893179284,-0.06526645540661558,episode_id_aligned,diagnostic_only
per_class,dynamic_vs_static,D-A-L,S-A-L,17,6,1.0,1.0,0.0,0.9384116693679092,0.9497568881685575,-0.011345218800648316,0.8212797339113128,0.8865461893179284,-0.06526645540661558,episode_id_aligned,diagnostic_only
per_class,dynamic_vs_static,D-A-L,S-A-L,18,6,1.0,1.0,0.0,0.9384116693679092,0.9497568881685575,-0.011345218800648316,0.8212797339113128,0.8865461893179284,-0.06526645540661558,episode_id_aligned,diagnostic_only
per_class,dynamic_vs_static,D-A-L,S-A-L,19,6,1.0,1.0,0.0,0.9384116693679092,0.9497568881685575,-0.011345218800648316,0.8212797339113128,0.8865461893179284,-0.06526645540661558,episode_id_aligned,diagnostic_only
per_class,dynamic_vs_static,D-A-L,S-A-L,20,6,1.0,1.0,0.0,0.9384116693679092,0.9497568881685575,-0.011345218800648316,0.8212797339113128,0.8865461893179284,-0.06526645540661558,episode_id_aligned,diagnostic_only
per_class,dynamic_vs_static,D-A-L,S-A-L,21,6,1.0,1.0,0.0,0.9384116693679092,0.9497568881685575,-0.011345218800648316,0.8212797339113128,0.8865461893179284,-0.06526645540661558,episode_id_aligned,diagnostic_only
per_class,dynamic_vs_static,D-A-L,S-A-L,22,6,1.0,1.0,0.0,0.9384116693679092,0.9497568881685575,-0.011345218800648316,0.8212797339113128,0.8865461893179284,-0.06526645540661558,episode_id_aligned,diagnostic_only
per_class,dynamic_vs_static,D-A-L,S-A-L,23,6,1.0,1.0,0.0,0.9384116693679092,0.9497568881685575,-0.011345218800648316,0.8212797339113128,0.8865461893179284,-0.06526645540661558,episode_id_aligned,diagnostic_only
per_class,dynamic_vs_static,D-A-L,S-A-L,24,6,1.0,1.0,0.0,0.9384116693679092,0.9497568881685575,-0.011345218800648316,0.8212797339113128,0.8865461893179284,-0.06526645540661558,episode_id_aligned,diagnostic_only
per_class,dynamic_vs_static,D-A-L,S-A-L,25,6,1.0,1.0,0.0,0.9384116693679092,0.9497568881685575,-0.011345218800648316,0.8212797339113128,0.8865461893179284,-0.06526645540661558,episode_id_aligned,diagnostic_only
per_class,dynamic_vs_static,D-A-L,S-A-L,26,6,1.0,1.0,0.0,0.9384116693679092,0.9497568881685575,-0.011345218800648316,0.8212797339113128,0.8865461893179284,-0.06526645540661558,episode_id_aligned,diagnostic_only
per_class,dynamic_vs_static,D-A-L,S-A-L,27,6,1.0,1.0,0.0,0.9384116693679092,0.9497568881685575,-0.011345218800648316,0.8212797339113128,0.8865461893179284,-0.06526645540661558,episode_id_aligned,diagnostic_only
per_class,dynamic_vs_static,D-A-L,S-A-L,28,11,1.0,1.0,0.0,0.9384116693679092,0.9497568881685575,-0.011345218800648316,0.8212797339113128,0.8865461893179284,-0.06526645540661558,episode_id_aligned,diagnostic_only
per_class,dynamic_vs_static,D-A-L,S-A-L,29,12,1.0,1.0,0.0,0.9384116693679092,0.9497568881685575,-0.011345218800648316,0.8212797339113128,0.8865461893179284,-0.06526645540661558,episode_id_aligned,diagnostic_only
per_class,dynamic_vs_static,D-A-L,S-A-L,30,6,1.0,1.0,0.0,0.9384116693679092,0.9497568881685575,-0.011345218800648316,0.8212797339113128,0.8865461893179284,-0.06526645540661558,episode_id_aligned,diagnostic_only
per_class,dynamic_vs_static,D-A-L,S-A-L,31,6,1.0,1.0,0.0,0.9384116693679092,0.9497568881685575,-0.011345218800648316,0.8212797339113128,0.8865461893179284,-0.06526645540661558,episode_id_aligned,diagnostic_only
per_class,dynamic_vs_static,D-A-L,S-A-L,32,6,1.0,1.0,0.0,0.9384116693679092,0.9497568881685575,-0.011345218800648316,0.8212797339113128,0.8865461893179284,-0.06526645540661558,episode_id_aligned,diagnostic_only
per_class,dynamic_vs_static,D-A-L,S-A-L,33,6,1.0,0.8333333333333334,0.16666666666666663,0.9384116693679092,0.9497568881685575,-0.011345218800648316,0.8212797339113128,0.8865461893179284,-0.06526645540661558,episode_id_aligned,diagnostic_only
per_class,dynamic_vs_static,D-A-L,S-A-L,34,6,1.0,1.0,0.0,0.9384116693679092,0.9497568881685575,-0.011345218800648316,0.8212797339113128,0.8865461893179284,-0.06526645540661558,episode_id_aligned,diagnostic_only
per_class,dynamic_vs_static,D-A-L,S-A-L,35,6,1.0,1.0,0.0,0.9384116693679092,0.9497568881685575,-0.011345218800648316,0.8212797339113128,0.8865461893179284,-0.06526645540661558,episode_id_aligned,diagnostic_only
per_class,dynamic_vs_static,D-A-L,S-A-L,36,6,1.0,1.0,0.0,0.9384116693679092,0.9497568881685575,-0.011345218800648316,0.8212797339113128,0.8865461893179284,-0.06526645540661558,episode_id_aligned,diagnostic_only
per_class,dynamic_vs_static,D-A-L,S-A-L,37,6,1.0,1.0,0.0,0.9384116693679092,0.9497568881685575,-0.011345218800648316,0.8212797339113128,0.8865461893179284,-0.06526645540661558,episode_id_aligned,diagnostic_only
per_class,dynamic_vs_static,D-A-L,S-A-L,38,6,1.0,1.0,0.0,0.9384116693679092,0.9497568881685575,-0.011345218800648316,0.8212797339113128,0.8865461893179284,-0.06526645540661558,episode_id_aligned,diagnostic_only
per_class,dynamic_vs_static,D-A-L,S-A-L,39,12,1.0,1.0,0.0,0.9384116693679092,0.9497568881685575,-0.011345218800648316,0.8212797339113128,0.8865461893179284,-0.06526645540661558,episode_id_aligned,diagnostic_only
per_class,dynamic_vs_static,D-A-L,S-A-L,40,6,1.0,1.0,0.0,0.9384116693679092,0.9497568881685575,-0.011345218800648316,0.8212797339113128,0.8865461893179284,-0.06526645540661558,episode_id_aligned,diagnostic_only
per_class,dynamic_vs_static,D-A-L,S-A-L,41,6,1.0,1.0,0.0,0.9384116693679092,0.9497568881685575,-0.011345218800648316,0.8212797339113128,0.8865461893179284,-0.06526645540661558,episode_id_aligned,diagnostic_only
per_class,dynamic_vs_static,D-A-L,S-A-L,42,6,1.0,1.0,0.0,0.9384116693679092,0.9497568881685575,-0.011345218800648316,0.8212797339113128,0.8865461893179284,-0.06526645540661558,episode_id_aligned,diagnostic_only
per_class,dynamic_vs_static,D-A-L,S-A-L,43,6,1.0,1.0,0.0,0.9384116693679092,0.9497568881685575,-0.011345218800648316,0.8212797339113128,0.8865461893179284,-0.06526645540661558,episode_id_aligned,diagnostic_only
per_class,dynamic_vs_static,D-A-L,S-A-L,44,7,1.0,1.0,0.0,0.9384116693679092,0.9497568881685575,-0.011345218800648316,0.8212797339113128,0.8865461893179284,-0.06526645540661558,episode_id_aligned,diagnostic_only
per_class,dynamic_vs_static,D-A-L,S-A-L,45,6,1.0,0.8333333333333334,0.16666666666666663,0.9384116693679092,0.9497568881685575,-0.011345218800648316,0.8212797339113128,0.8865461893179284,-0.06526645540661558,episode_id_aligned,diagnostic_only
per_class,dynamic_vs_static,D-A-L,S-A-L,46,6,1.0,1.0,0.0,0.9384116693679092,0.9497568881685575,-0.011345218800648316,0.8212797339113128,0.8865461893179284,-0.06526645540661558,episode_id_aligned,diagnostic_only
per_class,dynamic_vs_static,D-A-L,S-A-L,47,6,1.0,1.0,0.0,0.9384116693679092,0.9497568881685575,-0.011345218800648316,0.8212797339113128,0.8865461893179284,-0.06526645540661558,episode_id_aligned,diagnostic_only
per_class,dynamic_vs_static,D-A-L,S-A-L,48,6,1.0,1.0,0.0,0.9384116693679092,0.9497568881685575,-0.011345218800648316,0.8212797339113128,0.8865461893179284,-0.06526645540661558,episode_id_aligned,diagnostic_only
per_class,dynamic_vs_static,D-A-L,S-A-L,49,6,1.0,1.0,0.0,0.9384116693679092,0.9497568881685575,-0.011345218800648316,0.8212797339113128,0.8865461893179284,-0.06526645540661558,episode_id_aligned,diagnostic_only
per_class,dynamic_vs_static,D-A-L,S-A-L,50,5,1.0,1.0,0.0,0.9384116693679092,0.9497568881685575,-0.011345218800648316,0.8212797339113128,0.8865461893179284,-0.06526645540661558,episode_id_aligned,diagnostic_only
per_class,dynamic_vs_static,D-A-L,S-A-L,51,6,1.0,1.0,0.0,0.9384116693679092,0.9497568881685575,-0.011345218800648316,0.8212797339113128,0.8865461893179284,-0.06526645540661558,episode_id_aligned,diagnostic_only
per_class,dynamic_vs_static,D-A-L,S-A-L,52,6,1.0,1.0,0.0,0.9384116693679092,0.9497568881685575,-0.011345218800648316,0.8212797339113128,0.8865461893179284,-0.06526645540661558,episode_id_aligned,diagnostic_only
per_class,dynamic_vs_static,D-A-L,S-A-L,53,6,1.0,1.0,0.0,0.9384116693679092,0.9497568881685575,-0.011345218800648316,0.8212797339113128,0.8865461893179284,-0.06526645540661558,episode_id_aligned,diagnostic_only
per_class,dynamic_vs_static,D-A-L,S-A-L,54,6,1.0,1.0,0.0,0.9384116693679092,0.9497568881685575,-0.011345218800648316,0.8212797339113128,0.8865461893179284,-0.06526645540661558,episode_id_aligned,diagnostic_only
per_class,dynamic_vs_static,D-A-L,S-A-L,55,6,1.0,1.0,0.0,0.9384116693679092,0.9497568881685575,-0.011345218800648316,0.8212797339113128,0.8865461893179284,-0.06526645540661558,episode_id_aligned,diagnostic_only
per_class,dynamic_vs_static,D-A-L,S-A-L,56,6,1.0,1.0,0.0,0.9384116693679092,0.9497568881685575,-0.011345218800648316,0.8212797339113128,0.8865461893179284,-0.06526645540661558,episode_id_aligned,diagnostic_only
per_class,dynamic_vs_static,D-A-L,S-A-L,57,6,1.0,1.0,0.0,0.9384116693679092,0.9497568881685575,-0.011345218800648316,0.8212797339113128,0.8865461893179284,-0.06526645540661558,episode_id_aligned,diagnostic_only
per_class,dynamic_vs_static,D-A-L,S-A-L,58,6,1.0,1.0,0.0,0.9384116693679092,0.9497568881685575,-0.011345218800648316,0.8212797339113128,0.8865461893179284,-0.06526645540661558,episode_id_aligned,diagnostic_only
per_class,dynamic_vs_static,D-A-L,S-A-L,59,6,1.0,1.0,0.0,0.9384116693679092,0.9497568881685575,-0.011345218800648316,0.8212797339113128,0.8865461893179284,-0.06526645540661558,episode_id_aligned,diagnostic_only
per_class,dynamic_vs_static,D-A-L,S-A-L,60,6,1.0,1.0,0.0,0.9384116693679092,0.9497568881685575,-0.011345218800648316,0.8212797339113128,0.8865461893179284,-0.06526645540661558,episode_id_aligned,diagnostic_only
per_class,dynamic_vs_static,D-A-L,S-A-L,61,1,0.0,1.0,-1.0,0.9384116693679092,0.9497568881685575,-0.011345218800648316,0.8212797339113128,0.8865461893179284,-0.06526645540661558,episode_id_aligned,diagnostic_only
per_class,dynamic_vs_static,D-A-L,S-A-L,62,1,0.0,1.0,-1.0,0.9384116693679092,0.9497568881685575,-0.011345218800648316,0.8212797339113128,0.8865461893179284,-0.06526645540661558,episode_id_aligned,diagnostic_only
per_class,dynamic_vs_static,D-A-L,S-A-L,63,1,0.0,1.0,-1.0,0.9384116693679092,0.9497568881685575,-0.011345218800648316,0.8212797339113128,0.8865461893179284,-0.06526645540661558,episode_id_aligned,diagnostic_only
per_class,dynamic_vs_static,D-A-L,S-A-L,64,1,0.0,1.0,-1.0,0.9384116693679092,0.9497568881685575,-0.011345218800648316,0.8212797339113128,0.8865461893179284,-0.06526645540661558,episode_id_aligned,diagnostic_only
per_class,dynamic_vs_static,D-A-L,S-A-L,65,1,0.0,0.0,0.0,0.9384116693679092,0.9497568881685575,-0.011345218800648316,0.8212797339113128,0.8865461893179284,-0.06526645540661558,episode_id_aligned,diagnostic_only
per_class,dynamic_vs_static,D-A-L,S-A-L,66,1,0.0,0.0,0.0,0.9384116693679092,0.9497568881685575,-0.011345218800648316,0.8212797339113128,0.8865461893179284,-0.06526645540661558,episode_id_aligned,diagnostic_only
per_class,dynamic_vs_static,D-A-L,S-A-L,67,1,0.0,0.0,0.0,0.9384116693679092,0.9497568881685575,-0.011345218800648316,0.8212797339113128,0.8865461893179284,-0.06526645540661558,episode_id_aligned,diagnostic_only
per_class,dynamic_vs_static,D-A-L,S-A-L,68,1,1.0,1.0,0.0,0.9384116693679092,0.9497568881685575,-0.011345218800648316,0.8212797339113128,0.8865461893179284,-0.06526645540661558,episode_id_aligned,diagnostic_only
per_class,dynamic_vs_static,D-A-L,S-A-L,69,1,1.0,1.0,0.0,0.9384116693679092,0.9497568881685575,-0.011345218800648316,0.8212797339113128,0.8865461893179284,-0.06526645540661558,episode_id_aligned,diagnostic_only
per_class,dynamic_vs_static,D-A-L,S-A-L,70,1,1.0,1.0,0.0,0.9384116693679092,0.9497568881685575,-0.011345218800648316,0.8212797339113128,0.8865461893179284,-0.06526645540661558,episode_id_aligned,diagnostic_only
per_class,dynamic_vs_static,D-A-L,S-A-L,71,1,1.0,1.0,0.0,0.9384116693679092,0.9497568881685575,-0.011345218800648316,0.8212797339113128,0.8865461893179284,-0.06526645540661558,episode_id_aligned,diagnostic_only
per_class,dynamic_vs_static,D-A-L,S-A-L,72,1,1.0,1.0,0.0,0.9384116693679092,0.9497568881685575,-0.011345218800648316,0.8212797339113128,0.8865461893179284,-0.06526645540661558,episode_id_aligned,diagnostic_only
per_class,dynamic_vs_static,D-A-L,S-A-L,73,6,1.0,1.0,0.0,0.9384116693679092,0.9497568881685575,-0.011345218800648316,0.8212797339113128,0.8865461893179284,-0.06526645540661558,episode_id_aligned,diagnostic_only
per_class,dynamic_vs_static,D-A-L,S-A-L,74,6,1.0,0.8333333333333334,0.16666666666666663,0.9384116693679092,0.9497568881685575,-0.011345218800648316,0.8212797339113128,0.8865461893179284,-0.06526645540661558,episode_id_aligned,diagnostic_only
per_class,dynamic_vs_static,D-A-L,S-A-L,75,6,1.0,0.6666666666666666,0.33333333333333337,0.9384116693679092,0.9497568881685575,-0.011345218800648316,0.8212797339113128,0.8865461893179284,-0.06526645540661558,episode_id_aligned,diagnostic_only
per_class,dynamic_vs_static,D-A-L,S-A-L,76,6,0.8333333333333334,0.8333333333333334,0.0,0.9384116693679092,0.9497568881685575,-0.011345218800648316,0.8212797339113128,0.8865461893179284,-0.06526645540661558,episode_id_aligned,diagnostic_only
per_class,dynamic_vs_static,D-A-L,S-A-L,77,6,0.3333333333333333,0.8333333333333334,-0.5,0.9384116693679092,0.9497568881685575,-0.011345218800648316,0.8212797339113128,0.8865461893179284,-0.06526645540661558,episode_id_aligned,diagnostic_only
per_class,dynamic_vs_static,D-A-L,S-A-L,78,6,1.0,0.8333333333333334,0.16666666666666663,0.9384116693679092,0.9497568881685575,-0.011345218800648316,0.8212797339113128,0.8865461893179284,-0.06526645540661558,episode_id_aligned,diagnostic_only
per_class,dynamic_vs_static,D-A-L,S-A-L,79,6,0.6666666666666666,0.8333333333333334,-0.16666666666666674,0.9384116693679092,0.9497568881685575,-0.011345218800648316,0.8212797339113128,0.8865461893179284,-0.06526645540661558,episode_id_aligned,diagnostic_only
per_class,dynamic_vs_static,D-A-L,S-A-L,80,6,0.5,0.8333333333333334,-0.33333333333333337,0.9384116693679092,0.9497568881685575,-0.011345218800648316,0.8212797339113128,0.8865461893179284,-0.06526645540661558,episode_id_aligned,diagnostic_only
per_class,dynamic_vs_static,D-A-L,S-A-L,81,6,1.0,1.0,0.0,0.9384116693679092,0.9497568881685575,-0.011345218800648316,0.8212797339113128,0.8865461893179284,-0.06526645540661558,episode_id_aligned,diagnostic_only
per_class,dynamic_vs_static,D-A-L,S-A-L,82,6,1.0,0.6666666666666666,0.33333333333333337,0.9384116693679092,0.9497568881685575,-0.011345218800648316,0.8212797339113128,0.8865461893179284,-0.06526645540661558,episode_id_aligned,diagnostic_only
per_class,dynamic_vs_static,D-A-L,S-A-L,83,6,0.6666666666666666,0.8333333333333334,-0.16666666666666674,0.9384116693679092,0.9497568881685575,-0.011345218800648316,0.8212797339113128,0.8865461893179284,-0.06526645540661558,episode_id_aligned,diagnostic_only
per_class,dynamic_vs_static,D-A-L,S-A-L,84,6,0.3333333333333333,0.6666666666666666,-0.3333333333333333,0.9384116693679092,0.9497568881685575,-0.011345218800648316,0.8212797339113128,0.8865461893179284,-0.06526645540661558,episode_id_aligned,diagnostic_only
per_class,dynamic_vs_static,D-A-L,S-A-L,85,6,1.0,0.8333333333333334,0.16666666666666663,0.9384116693679092,0.9497568881685575,-0.011345218800648316,0.8212797339113128,0.8865461893179284,-0.06526645540661558,episode_id_aligned,diagnostic_only
per_class,dynamic_vs_static,D-A-L,S-A-L,86,6,0.8333333333333334,0.8333333333333334,0.0,0.9384116693679092,0.9497568881685575,-0.011345218800648316,0.8212797339113128,0.8865461893179284,-0.06526645540661558,episode_id_aligned,diagnostic_only
per_class,dynamic_vs_static,D-A-L,S-A-L,87,6,1.0,0.8333333333333334,0.16666666666666663,0.9384116693679092,0.9497568881685575,-0.011345218800648316,0.8212797339113128,0.8865461893179284,-0.06526645540661558,episode_id_aligned,diagnostic_only
per_class,dynamic_vs_static,D-A-L,S-A-L,88,6,0.16666666666666666,0.6666666666666666,-0.5,0.9384116693679092,0.9497568881685575,-0.011345218800648316,0.8212797339113128,0.8865461893179284,-0.06526645540661558,episode_id_aligned,diagnostic_only
per_class,dynamic_vs_static,D-A-L,S-A-L,89,6,1.0,0.8333333333333334,0.16666666666666663,0.9384116693679092,0.9497568881685575,-0.011345218800648316,0.8212797339113128,0.8865461893179284,-0.06526645540661558,episode_id_aligned,diagnostic_only
per_class,dynamic_vs_static,D-A-L,S-A-L,90,6,1.0,0.8333333333333334,0.16666666666666663,0.9384116693679092,0.9497568881685575,-0.011345218800648316,0.8212797339113128,0.8865461893179284,-0.06526645540661558,episode_id_aligned,diagnostic_only
per_class,dynamic_vs_static,D-A-L,S-A-L,91,1,1.0,0.0,1.0,0.9384116693679092,0.9497568881685575,-0.011345218800648316,0.8212797339113128,0.8865461893179284,-0.06526645540661558,episode_id_aligned,diagnostic_only
per_class,dynamic_vs_static,D-A-L,S-A-L,92,1,1.0,1.0,0.0,0.9384116693679092,0.9497568881685575,-0.011345218800648316,0.8212797339113128,0.8865461893179284,-0.06526645540661558,episode_id_aligned,diagnostic_only
per_class,dynamic_vs_static,D-A-L,S-A-L,93,1,0.0,1.0,-1.0,0.9384116693679092,0.9497568881685575,-0.011345218800648316,0.8212797339113128,0.8865461893179284,-0.06526645540661558,episode_id_aligned,diagnostic_only
per_class,dynamic_vs_static,D-A-L,S-A-L,94,1,0.0,1.0,-1.0,0.9384116693679092,0.9497568881685575,-0.011345218800648316,0.8212797339113128,0.8865461893179284,-0.06526645540661558,episode_id_aligned,diagnostic_only
per_class,dynamic_vs_static,D-A-L,S-A-L,95,1,1.0,1.0,0.0,0.9384116693679092,0.9497568881685575,-0.011345218800648316,0.8212797339113128,0.8865461893179284,-0.06526645540661558,episode_id_aligned,diagnostic_only
per_class,dynamic_vs_static,D-A-L,S-A-L,96,1,0.0,1.0,-1.0,0.9384116693679092,0.9497568881685575,-0.011345218800648316,0.8212797339113128,0.8865461893179284,-0.06526645540661558,episode_id_aligned,diagnostic_only
per_class,dynamic_vs_static,D-A-L,S-A-L,97,1,0.0,0.0,0.0,0.9384116693679092,0.9497568881685575,-0.011345218800648316,0.8212797339113128,0.8865461893179284,-0.06526645540661558,episode_id_aligned,diagnostic_only
per_class,dynamic_vs_static,D-A-L,S-A-L,98,1,0.0,0.0,0.0,0.9384116693679092,0.9497568881685575,-0.011345218800648316,0.8212797339113128,0.8865461893179284,-0.06526645540661558,episode_id_aligned,diagnostic_only
per_class,dynamic_vs_static,D-A-L,S-A-L,99,1,0.0,1.0,-1.0,0.9384116693679092,0.9497568881685575,-0.011345218800648316,0.8212797339113128,0.8865461893179284,-0.06526645540661558,episode_id_aligned,diagnostic_only
per_class,dynamic_vs_static,D-A-L,S-A-L,100,1,1.0,0.0,1.0,0.9384116693679092,0.9497568881685575,-0.011345218800648316,0.8212797339113128,0.8865461893179284,-0.06526645540661558,episode_id_aligned,diagnostic_only
per_class,dynamic_vs_static,D-A-L,S-A-L,101,1,0.0,1.0,-1.0,0.9384116693679092,0.9497568881685575,-0.011345218800648316,0.8212797339113128,0.8865461893179284,-0.06526645540661558,episode_id_aligned,diagnostic_only
per_class,dynamic_vs_static,D-A-L,S-A-L,102,1,1.0,0.0,1.0,0.9384116693679092,0.9497568881685575,-0.011345218800648316,0.8212797339113128,0.8865461893179284,-0.06526645540661558,episode_id_aligned,diagnostic_only
per_class,dynamic_vs_static,D-A-L,S-A-L,103,6,1.0,1.0,0.0,0.9384116693679092,0.9497568881685575,-0.011345218800648316,0.8212797339113128,0.8865461893179284,-0.06526645540661558,episode_id_aligned,diagnostic_only
per_class,dynamic_vs_static,D-A-L,S-A-L,104,6,1.0,1.0,0.0,0.9384116693679092,0.9497568881685575,-0.011345218800648316,0.8212797339113128,0.8865461893179284,-0.06526645540661558,episode_id_aligned,diagnostic_only
per_class,dynamic_vs_static,D-A-L,S-A-L,105,6,1.0,1.0,0.0,0.9384116693679092,0.9497568881685575,-0.011345218800648316,0.8212797339113128,0.8865461893179284,-0.06526645540661558,episode_id_aligned,diagnostic_only
per_class,dynamic_vs_static,D-A-L,S-A-L,106,6,1.0,1.0,0.0,0.9384116693679092,0.9497568881685575,-0.011345218800648316,0.8212797339113128,0.8865461893179284,-0.06526645540661558,episode_id_aligned,diagnostic_only
per_class,dynamic_vs_static,D-A-L,S-A-L,107,7,1.0,1.0,0.0,0.9384116693679092,0.9497568881685575,-0.011345218800648316,0.8212797339113128,0.8865461893179284,-0.06526645540661558,episode_id_aligned,diagnostic_only
per_class,dynamic_vs_static,D-A-L,S-A-L,108,6,1.0,1.0,0.0,0.9384116693679092,0.9497568881685575,-0.011345218800648316,0.8212797339113128,0.8865461893179284,-0.06526645540661558,episode_id_aligned,diagnostic_only
per_class,dynamic_vs_static,D-A-L,S-A-L,109,6,1.0,0.8333333333333334,0.16666666666666663,0.9384116693679092,0.9497568881685575,-0.011345218800648316,0.8212797339113128,0.8865461893179284,-0.06526645540661558,episode_id_aligned,diagnostic_only
per_class,dynamic_vs_static,D-A-L,S-A-L,110,1,0.0,1.0,-1.0,0.9384116693679092,0.9497568881685575,-0.011345218800648316,0.8212797339113128,0.8865461893179284,-0.06526645540661558,episode_id_aligned,diagnostic_only
per_class,dynamic_vs_static,D-A-L,S-A-L,111,6,1.0,1.0,0.0,0.9384116693679092,0.9497568881685575,-0.011345218800648316,0.8212797339113128,0.8865461893179284,-0.06526645540661558,episode_id_aligned,diagnostic_only
per_class,dynamic_vs_static,D-A-L,S-A-L,112,7,1.0,1.0,0.0,0.9384116693679092,0.9497568881685575,-0.011345218800648316,0.8212797339113128,0.8865461893179284,-0.06526645540661558,episode_id_aligned,diagnostic_only
per_class,dynamic_vs_static,D-A-L,S-A-L,113,6,1.0,1.0,0.0,0.9384116693679092,0.9497568881685575,-0.011345218800648316,0.8212797339113128,0.8865461893179284,-0.06526645540661558,episode_id_aligned,diagnostic_only
per_class,dynamic_vs_static,D-A-L,S-A-L,114,6,1.0,1.0,0.0,0.9384116693679092,0.9497568881685575,-0.011345218800648316,0.8212797339113128,0.8865461893179284,-0.06526645540661558,episode_id_aligned,diagnostic_only
per_class,dynamic_vs_static,D-A-L,S-A-L,115,6,1.0,1.0,0.0,0.9384116693679092,0.9497568881685575,-0.011345218800648316,0.8212797339113128,0.8865461893179284,-0.06526645540661558,episode_id_aligned,diagnostic_only
per_class,dynamic_vs_static,D-A-L,S-A-L,116,6,1.0,1.0,0.0,0.9384116693679092,0.9497568881685575,-0.011345218800648316,0.8212797339113128,0.8865461893179284,-0.06526645540661558,episode_id_aligned,diagnostic_only
per_class,dynamic_vs_static,D-A-L,S-A-L,117,6,1.0,1.0,0.0,0.9384116693679092,0.9497568881685575,-0.011345218800648316,0.8212797339113128,0.8865461893179284,-0.06526645540661558,episode_id_aligned,diagnostic_only
per_class,dynamic_vs_static,D-A-L,S-A-L,118,6,1.0,1.0,0.0,0.9384116693679092,0.9497568881685575,-0.011345218800648316,0.8212797339113128,0.8865461893179284,-0.06526645540661558,episode_id_aligned,diagnostic_only
per_class,dynamic_vs_static,D-A-L,S-A-L,119,7,1.0,1.0,0.0,0.9384116693679092,0.9497568881685575,-0.011345218800648316,0.8212797339113128,0.8865461893179284,-0.06526645540661558,episode_id_aligned,diagnostic_only
aggregate,historical_state_only_vs_current_state_ctrl,historical_state_only,STATE-CTRL,,,,,,0.8649378816286722,0.6337115072933549,0.23122637433531734,0.7365666622774465,0.49080161407307993,0.24576504820436657,not_episode_aligned,not_interchangeable
